,code,name
0,1168064000,역삼1동
1,1144066000,서교동
2,3114057000,삼산동
3,4833025300,물금읍
4,5011065000,연동
5,1111061500,종로1.2.3.4가동
6,4159025900,향남읍
7,5011054000,이도2동
8,4136025600,화도읍
9,4623053000,중마동
10,4136025300,진접읍
11,1150060300,가양1동
12,4111573000,인계동
13,2671025000,기장읍
14,1156054000,여의동
15,5011066000,노형동
16,2623052000,부전2동
17,4159058500,동탄1동
18,4119074200,신중동
19,2920063700,수완동
20,4161025000,오포읍
21,3611025000,조치원읍
22,1141058500,신촌동
23,4480025000,홍성읍
24,4711125600,오천읍
25,4623025000,광양읍
26,2820052100,구월3동
27,4115051000,의정부1동
28,5011025300,애월읍
29,4511173000,효자5동
30,4165025000,소흘읍
31,3020054000,온천2동
32,4127353500,호수동
33,4159025300,봉담읍
34,4613078000,쌍봉동
35,4311374100,복대1동
36,4413359000,부성2동
37,2811062800,운서동
38,1168054500,압구정동
39,4423051000,취암동
40,1168053100,논현2동
41,4119060300,심곡동
42,3020053000,온천1동
43,4615057000,덕연동
44,4825054000,내외동
45,4812353000,상남동
46,2644053500,명지1동
47,4831058000,고현동
48,4136057000,별내동
49,4812352000,중앙동
50,4272025000,홍천읍
51,2629053000,대연3동
52,5011025000,한림읍
53,4137057000,대원동
54,1154551000,가산동
55,4128559000,장항2동
56,4513069000,수송동
57,4812725000,내서읍
58,4711370000,장량동
59,4719067000,인동동
60,4119060600,부천동
61,4812965000,웅동2동
62,4611075800,신흥동
63,4420025300,배방읍
64,2917059000,용봉동
65,5011025600,구좌읍
66,2671025600,정관읍
67,2920062600,첨단2동
68,4113558000,서현1동
69,4413159000,신안동
70,4145061000,미사1동
71,4157057000,구래동
72,4122062000,비전1동
73,4213059000,단계동
74,4119074400,상동
75,4825063000,장유3동
76,4413352000,성정2동
77,2771025600,다사읍
78,4812563000,오동동
79,4148025000,문산읍
80,5011025900,조천읍
81,4427051000,당진1동
82,4113351000,성남동
83,4825025000,진영읍
84,4148057000,운정3동
85,4888025000,거창읍
86,2729058500,신당동
87,4812154000,봉림동
88,5013025900,성산읍
89,4615066100,왕조1동
90,1156053500,영등포동
91,1171064200,문정2동
92,4311454000,율량.사천동
93,2711056500,성내1동
94,1144071000,연남동
95,4122025300,안중읍
96,2826053000,연희동
97,4119083000,오정동
98,1165053000,서초3동
99,4313063000,연수동
100,4122059000,신평동
101,4148054000,교하동
102,2911052500,충장동
103,4615031000,해룡면
104,1168056500,청담동
105,4511168000,서신동
106,1168052100,논현1동
107,4148051000,금촌1동
108,4111760000,광교1동
109,4150051000,창전동
110,4311374700,가경동
111,2729061500,진천동
112,4213055000,단구동
113,4217051000,천곡동
114,4213067500,반곡관설동
115,1168051000,신사동
116,4311172000,용암1동
117,4136025000,와부읍
118,4825055000,북부동
119,1114055000,명동
120,4812153000,명곡동
121,1121571000,화양동
122,2635053000,중1동
123,3017059700,관저2동
124,4413356700,불당2동
125,4159026200,남양읍
126,4215052000,중앙동
127,4689025000,완도읍
128,4148032000,탄현면
129,4785025000,왜관읍
130,4311425300,오창읍
131,4215025000,주문진읍
132,4111758500,영통3동
133,4215055000,교1동
134,2623051000,부전1동
135,1168058000,삼성1동
136,4157056000,장기동
137,4150025300,부발읍
138,4221057000,노학동
139,2914074500,치평동
140,2644056000,녹산동
141,4711152500,상대동
142,4511364100,송천1동
143,4719056500,선주원남동
144,4825062000,장유2동
145,2623060000,전포1동
146,4684025600,삼향읍
147,4127353200,중앙동
148,4127357000,초지동
149,1168063000,대치4동
150,3017064000,둔산2동
151,4812151000,의창동
152,4711325000,흥해읍
153,4211066000,퇴계동
154,4481025000,예산읍
155,4139051000,대야동
156,4155025000,공도읍
157,4482525000,태안읍
158,5013025000,대정읍
159,4719069000,양포동
160,4682025000,해남읍
161,4183025000,양평읍
162,4146125000,포곡읍
163,4311375600,봉명2.송정동
164,4161051000,경안동
165,4157025600,양촌읍
166,4511167200,중화산2동
167,1117062500,한강로동
168,4119074600,대산동
169,2650080000,민락동
170,4415057000,신관동
171,4122025600,포승읍
172,5013031000,안덕면
173,4163056000,회천4동
174,2711057500,성내2동
175,4136026200,오남읍
176,4115052000,의정부2동
177,4113565500,삼평동
178,4413158000,청룡동
179,4378525000,증평읍
180,1153054000,구로3동
181,3017055500,탄방동
182,3020060000,관평동
183,2635052000,우2동
184,4117356000,관양2동
185,3114059500,무거동
186,2638056200,하단2동
187,1117068500,한남동
188,4122052000,서정동
189,3114056000,달동
190,1144074000,상암동
191,5011063000,아라동
192,4711365500,죽도동
193,4131057000,수택1동
194,4375025000,진천읍
195,1111053000,사직동
196,4163052000,양주2동
197,4511151000,중앙동
198,4161025900,곤지암읍
199,4113162500,위례동
200,3120056000,효문동
201,4882025000,고성읍
202,4119079500,범안동
203,4679025000,화순읍
204,4111574000,행궁동
205,4683025300,삼호읍
206,2818584000,송도3동
207,2818582000,송도1동
208,5011052000,일도2동
209,4137054000,신장동
210,4711159000,대이동
211,4213066000,무실동
212,4311154500,성안동
213,4139052000,신천동
214,2823754000,부평4동
215,4211065000,석사동
216,5013032000,표선면
217,4115057800,송산3동
218,4812351500,용지동
219,4157055000,풍무동
220,1120069000,성수2가3동
221,2635051000,우1동
222,4136051000,호평동
223,4817074000,가호동
224,4139059100,정왕1동
225,3171025900,범서읍
226,4822034000,광도면
227,4729054100,서부1동
228,4167051000,여흥동
229,4137051000,중앙동
230,4427025300,송악읍
231,4182025000,가평읍
232,4139057000,목감동
233,4729025300,진량읍
234,1130563500,수유3동
235,4812152000,팔룡동
236,4613079000,시전동
237,4157025000,통진읍
238,2653062000,괘법동
239,4377025300,금왕읍
240,1174068500,길동
241,2826051500,검암경서동
242,4729025000,하양읍
243,4122051000,중앙동
244,1165065200,양재2동
245,1114052000,소공동
246,2823755000,부평5동
247,2914075100,상무1동
248,2714072000,안심1동
249,4812953000,충무동
250,1171065000,잠실본동
251,2914083000,풍암동
252,4817071000,평거동
253,4687025000,영광읍
254,1150061100,발산1동
255,4127151500,이동
256,2641061000,장전2동
257,4119080000,성곡동
258,4159059000,동탄5동
259,4148055000,운정1동
260,4729056000,동부동
261,4137053000,남촌동
262,4825058000,활천동
263,2818583000,송도2동
264,1171060000,석촌동
265,4817067800,하대동
266,3171025300,언양읍
267,4476025000,부여읍
268,4373025000,옥천읍
269,4713055000,성건동
270,4146152500,역북동
271,4713025300,안강읍
272,4128758000,송포동
273,4711352000,중앙동
274,2817757000,용현5동
275,3014057500,대흥동
276,4111566000,매산동
277,4511153000,풍남동
278,2823751000,부평1동
279,4817051500,천전동
280,4471025000,금산읍
281,3120051000,농소1동
282,4824025000,사천읍
283,4514061000,모현동
284,4139059300,정왕3동
285,1150054000,화곡1동
286,4418053500,대천3동
287,4812131000,북면
288,4136054500,다산1동
289,4825061000,장유1동
290,4315052800,중앙동
291,4275025000,영월읍
292,4155052000,안성2동
293,4719068000,진미동
294,4157051500,김포본동
295,3020055000,신성동
296,4420036000,둔포면
297,4511169200,평화2동
298,4413356600,불당1동
299,1171062000,가락본동
300,4514065600,신동
301,4139058900,정왕본동
302,2711054500,삼덕동
303,1135064000,상계2동
304,1117065000,이태원1동
305,2820051000,구월1동
306,1174061000,천호2동
307,4511357000,덕진동
308,3611052000,도담동
309,4113562000,야탑1동
310,4161056000,광남1동
311,4213033000,지정면
312,4812759000,합성2동
313,4729055000,북부동
314,4413157000,신방동
315,2671025900,일광읍
316,4613080000,여천동
317,4833054000,서창동
318,4273025000,횡성읍
319,1165065100,양재1동
320,4511171400,효자4동
321,4119061000,중동
322,4150052000,중리동
323,4146151000,중앙동
324,4580025000,부안읍
325,4717065000,옥동
326,3014053500,은행선화동
327,4713063000,동천동
328,4311253000,사창동
329,4511361200,우아2동
330,4150051500,증포동
331,4617062000,빛가람동
332,4111367000,권선1동
333,4159052000,진안동
334,4122025000,팽성읍
335,2638060100,다대1동
336,2771026500,현풍읍
337,4146551000,풍덕천1동
338,3111058500,중앙동
339,3171025000,온산읍
340,2871025000,강화읍
341,3017056000,괴정동
342,1154567000,시흥1동
343,5013025300,남원읍
344,4812553000,월영동
345,2726064000,두산동
346,2650066000,남천1동
347,4421051000,부춘동
348,4122063000,비전2동
349,1171056200,방이2동
350,4313062500,칠금.금릉동
351,4831057000,장평동
352,4111755000,원천동
353,1138069000,진관동
354,4146352000,구갈동
355,4374025000,영동읍
356,1123065000,장안1동
357,1147051000,목1동
358,1168065000,역삼2동
359,4145053000,신장2동
360,4513071000,소룡동
361,4311376000,강서1동
362,4311374200,복대2동
363,4817067300,상대동
364,2635055100,좌1동
365,4117355000,관양1동
366,4611055800,원산동
367,4113555000,정자1동
368,4165051000,포천동
369,4613071000,문수동
370,4141062000,광정동
371,4413358000,부성1동
372,4139054000,은행동
373,4128553000,정발산동
374,4128158000,창릉동
375,4511356000,인후3동
376,2811062200,영종1동
377,4159036000,팔탄면
378,1165058100,반포4동
379,1144068000,합정동
380,3117051000,방어동
381,4128153000,흥도동
382,4311259000,성화.개신.죽림동
383,4785025600,석적읍
384,2632054300,화명3동
385,4150034000,마장면
386,4817055500,성북동
387,4827052000,내이동
388,1153053000,구로2동
389,4148056000,운정2동
390,4313053500,교현.안림동
391,4180025300,전곡읍
392,1156060500,문래동
393,1135059500,공릉1동
394,4671025000,담양읍
395,2823759200,청천2동
396,4421053500,동문2동
397,4715057500,대신동
398,1120066000,성수1가2동
399,4311255000,산남동
400,4579025000,고창읍
401,4157054000,사우동
402,4571025300,봉동읍
403,1114054000,회현동
404,2611051000,중앙동
405,4111366200,금곡동
406,4146136000,양지면
407,2824561400,계산4동
408,4117151000,안양1동
409,1171058000,송파1동
410,2820071000,논현고잔동
411,4128757000,대화동
412,4427038000,신평면
413,4418056500,대천5동
414,2771025000,화원읍
415,4680025000,장흥읍
416,1144065500,서강동
417,2626054500,명륜동
418,2914075200,상무2동
419,4161025300,초월읍
420,4215057100,포남1동
421,3023054600,중리동
422,1165052000,서초2동
423,4719025300,고아읍
424,2723063000,산격3동
425,2729062500,상인2동
426,4413325000,성환읍
427,4183040000,용문면
428,2824561100,계산1동
429,4182032500,청평면
430,1130554500,송중동
431,4711154500,해도동
432,2729060100,월성1동
433,4413354000,쌍용2동
434,4833051500,양주동
435,4127361000,대부동
436,1153056000,구로5동
437,3611051500,새롬동
438,2714062000,불로.봉무동
439,4420059000,온양3동
440,4111158000,영화동
441,4213025000,문막읍
442,1123053600,용신동
443,1129057500,동선동
444,1168059000,삼성2동
445,4157034000,대곶면
446,1114060500,을지로동
447,2826054200,가정1동
448,1123054500,제기동
449,4111355000,평동
450,1114059000,광희동
451,4221058000,조양동
452,1147065000,신정4동
453,4518051000,수성동
454,2632056000,덕천2동
455,4518053500,내장상동
456,2917069600,양산동
457,2714058000,신천4동
458,1154561000,독산1동
459,4413151000,중앙동
460,1141061500,연희동
461,4182031000,설악면
462,4278025900,동송읍
463,2647069000,연산5동
464,2635065000,재송1동
465,3020057000,전민동
466,4128555100,백석1동
467,4111753000,매탄3동
468,4719053500,원평동
469,2629057000,용호1동
470,4146556000,동천동
471,4711158000,효곡동
472,4159061000,동탄7동
473,4111369000,곡선동
474,4139059200,정왕2동
475,4167025000,가남읍
476,4613025000,돌산읍
477,4146359000,보정동
478,2811063000,용유동
479,4713025900,외동읍
480,2817754000,용현1.4동
481,1111065000,혜화동
482,1165053100,서초4동
483,4425031500,엄사면
484,1174066000,성내3동
485,3171025600,온양읍
486,4377025000,음성읍
487,3111060000,태화동
488,4514069000,삼성동
489,4167052000,중앙동
490,2920064000,하남동
491,4514064600,영등1동
492,1123066000,장안2동
493,4146357500,동백2동
494,4125056600,송내동
495,4615066500,왕조2동
496,4413356000,백석동
497,4777031000,강구면
498,4213051500,중앙동
499,2920070000,신창동
500,2626055000,온천1동
501,4713062100,황성동
502,2823769000,십정2동
503,4119075000,소사본동
504,4413125000,목천읍
505,4421055000,석남동
506,4721062000,가흥1동
507,4812355000,가음정동
508,4146125600,이동읍
509,4673025000,구례읍
510,1171071000,잠실6동
511,4833031000,동면
512,4141051000,군포1동
513,4159025600,우정읍
514,1126065500,망우본동
515,2714076000,공산동
516,4623054000,광영동
517,5011067000,외도동
518,4413353000,쌍용1동
519,1129060000,안암동
520,4113552000,수내1동
521,1144069000,망원1동
522,4136052000,평내동
523,4825059000,삼안동
524,4511364200,송천2동
525,2811052000,연안동
526,4613070000,여서동
527,4822070000,무전동
528,2811053000,신포동
529,3020054800,노은3동
530,4833056000,평산동
531,4511366500,여의동
532,2641067000,남산동
533,5013057000,동홍동
534,4211067500,강남동
535,3017058200,갈마2동
536,4117361000,범계동
537,4421025000,대산읍
538,4817056500,중앙동
539,1138062500,역촌동
540,4111156600,율천동
541,1165051000,서초1동
542,4681025000,강진읍
543,4163025000,백석읍
544,2920056500,어룡동
545,4827053000,삼문동
546,2820070000,논현2동
547,3120054000,강동동
548,4281032000,북면
549,1121585000,구의1동
550,2611058000,남포동
551,4167053000,오학동
552,4812354000,사파동
553,2650077000,광안2동
554,4521051000,요촌동
555,4812565000,산호동
556,1168061000,대치2동
557,4157025300,고촌읍
558,4377033000,맹동면
559,1132069000,방학1동
560,4131052000,동구동
561,4513070300,나운3동
562,4711369000,두호동
563,1138057000,대조동
564,2620053000,남항동
565,4280025000,양구읍
566,4315059000,청전동
567,4519059000,도통동
568,4311152500,중앙동
569,5013061000,중문동
570,5011058000,용담2동
571,4221060000,대포동
572,4148035000,광탄면
573,4480025600,홍북읍
574,4157058000,운양동
575,4719025600,산동읍
576,4613057000,중앙동
577,1162069500,신림동
578,4511358000,금암1동
579,2647068000,연산4동
580,4211039000,동내면
581,4719064500,상모사곡동
582,3171026500,삼남읍
583,2638055000,당리동
584,2723069500,무태조야동
585,1150063000,방화1동
586,4163034000,장흥면
587,1150059100,화곡6동
588,4376025000,괴산읍
589,4127158000,월피동
590,3017058600,월평1동
591,4145062000,미사2동
592,4127351000,와동
593,4611080000,부흥동
594,4420033000,탕정면
595,4221054000,금호동
596,4822055000,중앙동
597,2611056000,부평동
598,3017059300,도안동
599,3114051000,신정1동
600,4313051500,성내.충인동
601,2729055500,감삼동
602,4677025300,도양읍
603,3017063000,둔산1동
604,1126059000,상봉2동
605,4711125300,연일읍
606,2723078000,동천동
607,1141056500,충현동
608,4613065500,대교동
609,4117356600,부림동
610,4131058000,수택2동
611,1121584700,자양4동
612,5013059000,대륜동
613,4150025000,장호원읍
614,4571033000,이서면
615,4148026200,조리읍
616,4723051000,동부동
617,4217053000,북삼동
618,2826057500,신현원창동
619,4817069500,초장동
620,4413351000,성정1동
621,2917066900,일곡동
622,4713057000,황남동
623,4690025000,진도읍
624,4380025000,단양읍
625,1162058500,낙성대동
626,2632051000,구포1동
627,3023051000,오정동
628,4159060000,동탄6동
629,2871033000,길상면
630,4873025000,가야읍
631,1156055000,당산1동
632,5011031000,한경면
633,1117053000,남영동
634,4611051000,용당1동
635,4513065000,조촌동
636,2820069000,논현1동
637,4785025300,북삼읍
638,4159035000,서신면
639,5011060000,화북동
640,4887025000,함양읍
641,2617066000,범일2동
642,3023055000,신탄진동
643,4115059500,가능동
644,2653059100,모라1동
645,2623061000,전포2동
646,4427032000,석문면
647,4812754500,석전동
648,4111356000,서둔동
649,4677025000,고흥읍
650,2714075500,혁신동
651,1153055000,구로4동
652,2620065000,동삼1동
653,4146351000,신갈동
654,2818576200,연수2동
655,2717065000,평리4동
656,2826056000,석남2동
657,3111062000,병영1동
658,3023054300,송촌동
659,4127154000,본오1동
660,4824055000,벌용동
661,4125056500,불현동
662,3017052000,도마1동
663,2644054500,명지2동
664,4377034000,대소면
665,4831055000,옥포1동
666,4717051000,중구동
667,4482525300,안면읍
668,1114057000,필동
669,4145056000,덕풍3동
670,1111063000,종로5.6가동
671,4127156000,본오3동
672,4831054000,아주동
673,1123056000,전농1동
674,4127354500,원곡동
675,4155053000,안성3동
676,4728061000,점촌5동
677,1138055100,갈현1동
678,4717055500,용상동
679,4511170300,삼천3동
680,1129055500,삼선동
681,4283025000,양양읍
682,5011053000,이도1동
683,4713065000,불국동
684,2826055000,석남1동
685,4784025000,성주읍
686,4721060000,휴천2동
687,2617053000,초량3동
688,4420057000,온양1동
689,4615055000,삼산동
690,2626075000,안락2동
691,4143056000,청계동
692,1138060000,응암3동
693,4113354000,금광2동
694,4418051500,대천1동
695,3117052000,일산동
696,4276038000,대관령면
697,1120053500,왕십리도선동
698,2629051000,대연1동
699,4148052000,금촌2동
700,4711125000,구룡포읍
701,4684025000,무안읍
702,1121573000,군자동
703,3114052000,신정2동
704,2817762000,주안1동
705,4121065500,일직동
706,3020052000,진잠동
707,3011053000,효동
708,4215064500,성덕동
709,4874025000,창녕읍
710,2771025300,논공읍
711,4163033000,광적면
712,3011051500,중앙동
713,4513053000,월명동
714,4111758000,영통2동
715,4113567000,구미동
716,2818563000,옥련1동
717,2818576600,청학동
718,4514065200,어양동
719,2920052500,송정2동
720,4479025000,청양읍
721,2771025900,유가읍
722,2917060100,운암1동
723,2826072000,오류왕길동
724,4145057000,풍산동
725,2723079000,노원동
726,4128754500,탄현1동
727,4831056000,옥포2동
728,3120057000,송정동
729,4415054000,웅진동
730,2917069500,건국동
731,4833034000,하북면
732,4215054000,옥천동
733,2650076000,광안1동
734,4375025300,덕산읍
735,3020054600,노은1동
736,3017058100,갈마1동
737,1165054000,잠원동
738,1162073500,대학동
739,1159063000,사당2동
740,2650073000,수영동
741,4113565700,백현동
742,1120067000,성수2가1동
743,2720058600,대명3동
744,4146125300,모현읍
745,4812958000,석동
746,1138055200,갈현2동
747,2915570500,진월동
748,3011056000,용운동
749,2635057000,반여1동
750,4817075000,충무공동
751,4146353500,보라동
752,2641060000,장전1동
753,1135063000,상계1동
754,4278025600,갈말읍
755,5013053000,중앙동
756,4793038000,후포면
757,4165037000,일동면
758,4159041000,정남면
759,2726065100,지산1동
760,2626074000,안락1동
761,4420061000,온양5동
762,4163054000,회천2동
763,3171031000,서생면
764,2635055200,좌2동
765,1126056500,면목본동
766,4571025000,삼례읍
767,2915553800,봉선2동
768,2917060200,운암2동
769,2623074000,개금1동
770,2920058000,우산동
771,1144058500,도화동
772,2726067000,고산1동
773,4713051500,중부동
774,1159053000,상도1동
775,4141054000,산본1동
776,4311168000,금천동
777,3120052000,농소2동
778,2824564000,작전서운동
779,4136025900,진건읍
780,4111761000,광교2동
781,2717061000,비산7동
782,4477025300,서천읍
783,1130555500,송천동
784,4812532000,진동면
785,4713025000,감포읍
786,4128159000,고양동
787,1126057500,면목3.8동
788,4790025000,예천읍
789,2671025300,장안읍
790,1174057000,암사1동
791,2920063000,신가동
792,2623055000,초읍동
793,3114060000,옥동
794,2771038000,구지면
795,2911065500,서남동
796,4143052000,부곡동
797,4812959000,이동
798,4375037000,광혜원면
799,4146153000,유림동
800,4113554500,정자동
801,2647073000,연산9동
802,4311325000,오송읍
803,4115056800,신곡2동
804,2811062000,영종동
805,4884025000,남해읍
806,5011056000,삼도2동
807,1135060000,공릉2동
808,4415034000,반포면
809,4678025300,벌교읍
810,4372025000,보은읍
811,1159051000,노량진1동
812,1162059500,청룡동
813,1171061000,삼전동
814,4420041000,신창면
815,1150053500,등촌3동
816,4121064000,소하1동
817,4183033000,양서면
818,3020052600,학하동
819,2711051700,동인동
820,2729051500,성당동
821,2635052500,우3동
822,4161034000,퇴촌면
823,2653064500,감전동
824,4215060000,내곡동
825,4413325600,직산읍
826,4276034000,봉평면
827,2824562200,작전2동
828,2817761000,도화2.3동
829,4511170200,삼천2동
830,2623056000,양정1동
831,4111368000,권선2동
832,1156062000,양평2동
833,4615061000,장천동
834,4717058500,서구동
835,1174053000,명일1동
836,4215066500,경포동
837,4311451000,우암동
838,4481036000,덕산면
839,2820065500,서창2동
840,4279025000,화천읍
841,4613031000,소라면
842,4137055000,세마동
843,4115057300,송산1동
844,4420035000,음봉면
845,1129081000,석관동
846,4213060000,우산동
847,2729055000,두류3동
848,1144056500,공덕동
849,2723071500,관문동
850,4128160000,관산동
851,2623077000,범천1동
852,4272037000,서면
853,4211031000,동면
854,2626057000,온천3동
855,4127152500,사동
856,2826053600,청라1동
857,1159062000,사당1동
858,4131051000,갈매동
859,5011061000,삼양동
860,4157052500,장기본동
861,4161055000,탄벌동
862,4128760000,덕이동
863,4725052000,남원동
864,5013060000,대천동
865,1117066000,이태원2동
866,1174064000,성내1동
867,4150053000,관고동
868,3011064000,용전동
869,2638056100,하단1동
870,4115057600,송산2동
871,4127153200,사이동
872,4688025000,장성읍
873,1144059000,용강동
874,4159034000,송산면
875,4719051000,송정동
876,4111365000,구운동
877,4165039000,영북면
878,4111157300,정자3동
879,4782025300,청도읍
880,4128162100,화정1동
881,4215051000,홍제동
882,4111159100,송죽동
883,4165038000,이동면
884,2650078000,광안3동
885,4729054200,서부2동
886,4311370000,운천.신봉동
887,2824572000,계양2동
888,2723077000,읍내동
889,1168065600,도곡2동
890,1126061000,중화2동
891,4421039000,해미면
892,3014067000,오류동
893,2723074500,구암동
894,3014074000,산성동
895,1174062000,천호3동
896,4777025000,영덕읍
897,1150062000,공항동
898,4874025300,남지읍
899,1123071000,회기동
900,4833051000,중앙동
901,2723072500,태전1동
902,4822059000,정량동
903,1130553500,미아동
904,3120053000,농소3동
905,4128154000,성사1동
906,4113153000,신흥3동
907,2641068000,구서1동
908,1121587000,구의3동
909,4223051000,남양동
910,1159060500,흑석동
911,4423025300,연무읍
912,1144060000,대흥동
913,2920061000,월곡2동
914,1174065000,성내2동
915,2729062400,상인1동
916,1156056000,당산2동
917,4127360000,선부3동
918,1114061500,신당동
919,4725055000,동문동
920,1120055000,사근동
921,4713061500,용강동
922,2914082100,금호1동
923,1150052000,등촌1동
924,3171026200,청량읍
925,4146355000,서농동
926,2911054500,동명동
927,2872036000,영흥면
928,3020058000,구즉동
929,4615063500,도사동
930,2920062400,첨단1동
931,4831031000,일운면
932,2811058500,동인천동
933,4215057200,포남2동
934,1153072000,고척1동
935,4211064000,효자3동
936,4713053000,황오동
937,4311173000,용암2동
938,4146559000,성복동
939,2818576100,연수1동
940,4713032000,양남면
941,4611075700,하당동
942,4580036000,변산면
943,2729064000,송현2동
944,5011055000,삼도1동
945,4715059500,대곡동
946,4159055000,반월동
947,4311256000,분평동
948,4511361100,우아1동
949,2820058300,만수6동
950,1130559500,번1동
951,4131059000,수택3동
952,4825053000,부원동
953,2720064000,대명9동
954,2626051000,수민동
955,4276036000,진부면
956,5013054000,천지동
957,2823764800,삼산2동
958,4817071500,신안동
959,4125053500,중앙동
960,4277025000,정선읍
961,2826053700,청라2동
962,4128162200,화정2동
963,4281025000,인제읍
964,4315060500,화산동
965,3020061000,원신흥동
966,2729057100,용산1동
967,4128555200,백석2동
968,4273033000,둔내면
969,2726068000,고산2동
970,4146351600,영덕1동
971,4713059000,선도동
972,1111064000,이화동
973,4211070500,신사우동
974,4577025000,순창읍
975,1154563000,독산3동
976,4163055000,회천3동
977,2617057000,수정2동
978,4128152000,원신동
979,4165052000,선단동
980,4141056000,금정동
981,1130564500,우이동
982,4146354000,기흥동
983,4122025900,청북읍
984,3111065000,성안동
985,4115058000,자금동
986,2635056000,송정동
987,4159058700,동탄3동
988,3011063000,가양2동
989,1162064500,서원동
990,4313033500,대소원면
991,4713066000,보덕동
992,4277025600,사북읍
993,1138058000,응암1동
994,2818578000,동춘1동
995,2726069000,고산3동
996,2723052600,칠성동
997,4514057000,동산동
998,4513070100,나운1동
999,1150064000,방화2동
1000,5013062000,예래동
1001,4113357000,상대원1동
1002,1135056000,월계1동
1003,1129070500,종암동
1004,4117154000,안양4동
1005,1162072500,조원동
1006,4833052000,삼성동
1007,4115054500,호원1동
1008,4872025000,의령읍
1009,4128163000,행주동
1010,1153051000,신도림동
1011,4514064700,영등2동
1012,4514059500,남중동
1013,4128551000,식사동
1014,4513070200,나운2동
1015,4514058000,마동
1016,1138051000,녹번동
1017,4221056000,교동
1018,1121582000,자양1동
1019,1132052100,도봉1동
1020,2635066000,재송2동
1021,4155038000,원곡면
1022,4717034000,풍천면
1023,4146125900,남사읍
1024,1153074000,개봉1동
1025,2820054000,간석2동
1026,4128560000,고봉동
1027,1171057000,오금동
1028,4519052000,죽항동
1029,4717060000,태화동
1030,1117055500,청파동
1031,4128165000,행신2동
1032,4313055000,용산동
1033,4812125000,동읍
1034,4128554000,풍산동
1035,2723073500,태전2동
1036,1165062100,방배4동
1037,4415051000,중학동
1038,2729059000,본리동
1039,4812554000,문화동
1040,2723080000,국우동
1041,2820053000,간석1동
1042,2714059000,효목1동
1043,4145051000,천현동
1044,4161052000,송정동
1045,4159037000,장안면
1046,4812757000,양덕2동
1047,4315056000,용두동
1048,2635061000,반송1동
1049,4115055500,호원2동
1050,2723064500,대현동
1051,4117357800,귀인동
1052,4128752000,일산2동
1053,4122064000,세교동
1054,1165060000,방배1동
1055,1121584000,자양3동
1056,3011059000,자양동
1057,4111157200,정자2동
1058,3114067000,야음장생포동
1059,1141072000,북가좌2동
1060,4146553000,신봉동
1061,4113151000,신흥1동
1062,4139063000,연성동
1063,4833057000,덕계동
1064,3114054000,신정4동
1065,1135069500,상계6.7동
1066,4141052000,군포2동
1067,4136053000,금곡동
1068,4427052000,당진2동
1069,2826068000,검단동
1070,4729025600,압량읍
1071,4377037000,감곡면
1072,1147054000,목4동
1073,2647065000,연산1동
1074,1144073000,성산2동
1075,2711068000,대봉1동
1076,1165061000,방배2동
1077,2641053000,서3동
1078,4511367000,혁신동
1079,4127155000,본오2동
1080,4211058000,소양동
1081,4163053000,회천1동
1082,4127153700,해양동
1083,4165034000,신북면
1084,4111568000,화서1동
1085,2920063500,운남동
1086,4155040000,죽산면
1087,4215058000,초당동
1088,2817766000,주안5동
1089,4723052000,중앙동
1090,4148031000,월롱면
1091,4311425000,내수읍
1092,2820055100,간석4동
1093,2635054000,중2동
1094,4148037000,적성면
1095,5013052000,정방동
1096,4122063500,용이동
1097,4831059000,상문동
1098,4420058000,온양2동
1099,2826058000,가좌1동
1100,4822067000,봉평동
1101,2820052200,구월4동
1102,4885025000,하동읍
1103,4121061000,철산3동
1104,4812351000,반송동
1105,4136056500,다산2동
1106,1162060500,은천동
1107,4211061100,후평3동
1108,4678025000,보성읍
1109,2638059000,장림2동
1110,3111061000,다운동
1111,2917062000,우산동
1112,2653066000,주례2동
1113,4611059500,목원동
1114,4711368000,우창동
1115,2623067000,당감1동
1116,4315051000,교동
1117,2723062000,산격2동
1118,4111353000,세류2동
1119,4793025000,울진읍
1120,2771026200,옥포읍
1121,4729052000,중앙동
1122,2626059000,사직2동
1123,4793037000,죽변면
1124,3111052000,반구1동
1125,4111571000,우만1동
1126,2820055000,간석3동
1127,4146357000,마북동
1128,3014070000,유천1동
1129,4812356000,성주동
1130,4131054100,교문1동
1131,1162057500,행운동
1132,4773025000,의성읍
1133,4117353000,비산3동
1134,2717067500,상중이동
1135,4311375100,봉명1동
1136,2650074000,망미1동
1137,2641059000,부곡3동
1138,4136031000,별내면
1139,1162052500,보라매동
1140,2717054000,내당4동
1141,1141070000,남가좌2동
1142,1117056000,원효로1동
1143,4183035000,서종면
1144,4615062000,중앙동
1145,2726051000,범어1동
1146,2714074700,안심4동
1147,2820056000,만수1동
1148,2917058000,신안동
1149,4413325300,성거읍
1150,4122056000,송북동
1151,3114058500,삼호동
1152,2614068000,암남동
1153,1121581000,광장동
1154,4611075600,상동
1155,4213062000,태장2동
1156,4128556000,마두1동
1157,4165032000,내촌면
1158,4825033000,진례면
1159,2626056000,온천2동
1160,4413155000,봉명동
1161,4113566200,금곡동
1162,4127359000,선부2동
1163,4111156000,파장동
1164,4719025000,선산읍
1165,5011051000,일도1동
1166,4480037000,서부면
1167,1171063200,가락2동
1168,4211053000,조운동
1169,2729057600,이곡1동
1170,3114053000,신정3동
1171,4115056700,신곡1동
1172,1126052000,면목2동
1173,3611034000,금남면
1174,2611057000,광복동
1175,4785032000,동명면
1176,4211063000,효자2동
1177,1171056100,방이1동
1178,2641069000,구서2동
1179,4277025300,고한읍
1180,2729053500,두류1.2동
1181,4148025300,파주읍
1182,1150056000,화곡3동
1183,4117156000,안양6동
1184,1165059000,방배본동
1185,4146135000,백암면
1186,4817041000,금산면
1187,4111159700,조원1동
1188,1165056000,반포1동
1189,1150057000,화곡4동
1190,2820066000,남촌도림동
1191,4139058200,월곶동
1192,2817758000,학익1동
1193,1156072000,대림3동
1194,2729056800,장기동
1195,4150035000,대월면
1196,1111054000,삼청동
1197,4611070500,북항동
1198,4615058000,풍덕동
1199,2638051000,괴정1동
1200,4182034500,조종면
1201,1147056000,신월1동
1202,2635062000,반송2동
1203,1121586000,구의2동
1204,4213053000,개운동
1205,4573025000,무주읍
1206,4111366400,호매실동
1207,5011057000,용담1동
1208,2647061000,거제1동
1209,2917066200,두암2동
1210,4155039000,일죽면
1211,4514052000,중앙동
1212,4427025000,합덕읍
1213,4511355000,인후2동
1214,2820058200,만수5동
1215,1156061000,양평1동
1216,2629055000,대연5동
1217,2720060000,대명5동
1218,2911068500,학동
1219,1135067000,상계5동
1220,4514056000,인화동
1221,1121575000,중곡2동
1222,2920054000,도산동
1223,4121063100,하안1동
1224,4721025000,풍기읍
1225,4113566500,구미1동
1226,4223025300,원덕읍
1227,1123074000,이문1동
1228,4139064000,능곡동
1229,2811061500,개항동
1230,3020054700,노은2동
1231,4128552500,중산1동
1232,2729063000,송현1동
1233,4150031000,신둔면
1234,1120056000,행당1동
1235,4111160000,연무동
1236,2711059500,대신동
1237,4211060000,후평1동
1238,4611065500,만호동
1239,4213037000,흥업면
1240,4282025300,거진읍
1241,4790036000,호명면
1242,2729056300,죽전동
1243,2632057200,만덕2동
1244,4117153000,안양3동
1245,4213031000,소초면
1246,1129072500,월곡2동
1247,4311455000,오근장동
1248,1129052500,성북동
1249,4889025000,합천읍
1250,4421054000,수석동
1251,4215034000,강동면
1252,4777036000,영해면
1253,4717069000,강남동
1254,4313058000,호암.직동
1255,4122065000,동삭동
1256,1168070000,세곡동
1257,4283035000,강현면
1258,2714060000,효목2동
1259,1162068500,신사동
1260,1147062000,신정1동
1261,4113568000,운중동
1262,2915569000,주월1동
1263,4146555500,죽전3동
1264,4686025000,함평읍
1265,4219054000,상장동
1266,4831051000,장승포동
1267,4471039000,추부면
1268,1130562500,수유2동
1269,2623071000,가야1동
1270,4311254000,모충동
1271,4136026500,퇴계원읍
1272,1111051500,청운효자동
1273,2653068000,엄궁동
1274,4719058300,형곡2동
1275,4413136000,병천면
1276,4122061000,통복동
1277,2720057100,대명2동
1278,4511160500,노송동
1279,1159066000,대방동
1280,2826071000,당하동
1281,4812556500,반월중앙동
1282,1150059000,화곡본동
1283,2914076000,화정1동
1284,4282033000,토성면
1285,4161033000,도척면
1286,2726060200,황금2동
1287,1168075000,수서동
1288,2720055000,봉덕3동
1289,3117056000,전하2동
1290,2626058000,사직1동
1291,4313061000,봉방동
1292,2638057100,신평1동
1293,1159068000,신대방2동
1294,4477025000,장항읍
1295,2917067700,오치2동
1296,1121577000,중곡4동
1297,4418025000,웅천읍
1298,1168065500,도곡1동
1299,4139063100,장곡동
1300,2726054000,범어4동
1301,4611081000,부주동
1302,4127160000,반월동
1303,1150061500,우장산동
1304,4159058600,동탄2동
1305,3017051000,복수동
1306,4221059000,청호동
1307,4794025000,울릉읍
1308,4115061500,흥선동
1309,4573032000,설천면
1310,3023053300,비래동
1311,4143053000,오전동
1312,2826073000,마전동
1313,4511171200,효자2동
1314,4729053000,남부동
1315,3171038000,상북면
1316,3014072000,문화1동
1317,4223053000,교동
1318,4146154000,동부동
1319,2817768000,주안7동
1320,4146558500,상현3동
1321,2614064000,충무동
1322,4719055100,도량동
1323,4121065000,소하2동
1324,4715064000,율곡동
1325,1121574000,중곡1동
1326,4157035000,월곶면
1327,1150051000,염창동
1328,2638060200,다대2동
1329,4163032000,남면
1330,4481025300,삽교읍
1331,4421036000,성연면
1332,4117162100,박달1동
1333,2920060000,월곡1동
1334,4715053600,평화남산동
1335,1126068000,신내1동
1336,1123070500,청량리동
1337,4575025000,임실읍
1338,1138052000,불광1동
1339,4148025600,법원읍
1340,2729062800,도원동
1341,4159053000,병점1동
1342,4874042000,부곡면
1343,4213056000,일산동
1344,4113564000,야탑3동
1345,4725053000,북문동
1346,1132067000,쌍문2동
1347,4146558000,상현2동
1348,3023057000,덕암동
1349,4165033000,가산면
1350,4513072000,미성동
1351,4155035000,대덕면
1352,2714074200,안심3동
1353,4783025300,대가야읍
1354,4139059700,배곧2동
1355,2818575000,선학동
1356,2871034000,화도면
1357,4215061500,강남동
1358,4812963000,웅천동
1359,1130561500,수유1동
1360,4824032000,사남면
1361,2771031000,가창면
1362,2917069700,신용동
1363,1144070000,망원2동
1364,4511167100,중화산1동
1365,2644052000,대저2동
1366,2817767000,주안6동
1367,4211040000,남산면
1368,2653067000,학장동
1369,2824560200,효성2동
1370,1174070000,둔촌2동
1371,4723054000,완산동
1372,4728025000,문경읍
1373,4812756000,양덕1동
1374,4113352500,중앙동
1375,2729057700,이곡2동
1376,4221052000,동명동
1377,2920062000,비아동
1378,4139058100,군자동
1379,2823764100,갈산1동
1380,4729051000,중방동
1381,1174060000,천호1동
1382,2632052000,구포2동
1383,1126062000,묵1동
1384,4282025000,간성읍
1385,2823753000,부평3동
1386,2726053000,범어3동
1387,4115062000,녹양동
1388,4117159000,석수1동
1389,3023056000,석봉동
1390,4117152000,안양2동
1391,4311169000,용담.명암.산성동
1392,4217057000,발한동
1393,1156051500,영등포본동
1394,3114062500,대현동
1395,1141068500,홍은2동
1396,2914077000,화정2동
1397,4121063300,하안3동
1398,4812960000,자은동
1399,1126063000,묵2동
1400,4276025000,평창읍
1401,2720059000,대명4동
1402,4833033000,상북면
1403,1171068000,잠실3동
1404,4113162000,복정동
1405,2635058000,반여2동
1406,4824053000,동서금동
1407,4146356000,구성동
1408,1111060000,가회동
1409,3017065000,만년동
1410,4822060000,북신동
1411,4125052000,생연2동
1412,4713025600,건천읍
1413,2826070000,원당동
1414,5011033000,우도면
1415,1120065000,성수1가1동
1416,1171064700,위례동
1417,4885031000,화개면
1418,5011069000,도두동
1419,4215036000,사천면
1420,2626060000,사직3동
1421,2623072000,가야2동
1422,4122053500,송탄동
1423,2720053000,봉덕1동
1424,4117358000,호계1동
1425,4128157600,삼송1동
1426,4825052000,회현동
1427,3611035000,장군면
1428,1117052000,용산2가동
1429,2617052000,초량2동
1430,2917066300,두암3동
1431,5011059000,건입동
1432,2917065600,문흥1동
1433,4313057100,문화동
1434,2826060000,가좌3동
1435,1147052000,목2동
1436,4113367000,도촌동
1437,4217059000,묵호동
1438,3117053000,화정동
1439,4111354000,세류3동
1440,4511354000,인후1동
1441,4683025000,영암읍
1442,4831039000,장목면
1443,1150059300,화곡8동
1444,1174052500,상일1동
1445,1144072000,성산1동
1446,4221051000,영랑동
1447,1120061500,금호2.3가동
1448,2820057000,만수2동
1449,1153073000,고척2동
1450,2714054000,신암4동
1451,4817068000,상평동
1452,4728058000,점촌2동
1453,2824561200,계산2동
1454,4413153000,원성1동
1455,4812531000,구산면
1456,1141064000,홍제3동
1457,4223057000,성내동
1458,5013051000,송산동
1459,2915553700,봉선1동
1460,3611037000,전의면
1461,2717064000,평리3동
1462,2823766100,부개3동
1463,4127151000,일동
1464,3017066000,둔산3동
1465,3017059600,관저1동
1466,1129068500,길음2동
1467,4613073000,미평동
1468,2638053000,괴정3동
1469,4159057000,화산동
1470,1130566000,인수동
1471,4278031000,서면
1472,2638058000,장림1동
1473,4687037000,법성면
1474,4511171300,효자3동
1475,4279034000,사내면
1476,4427039000,송산면
1477,4684033000,청계면
1478,4884033000,삼동면
1479,4817073000,판문동
1480,4812962000,풍호동
1481,4217060000,북평동
1482,1171064100,문정1동
1483,4127356500,신길동
1484,4672025000,곡성읍
1485,4615059000,남제동
1486,1153078000,오류2동
1487,1129064000,정릉3동
1488,1162062500,인헌동
1489,3111059000,우정동
1490,4213065000,행구동
1491,4817059500,상봉동
1492,4418033000,천북면
1493,5011064000,오라동
1494,2817765000,주안4동
1495,2729065000,본동
1496,2820065000,장수서창동
1497,2717056500,비산2.3동
1498,4420062000,온양6동
1499,1120079000,용답동
1500,2714065500,동촌동
1501,4113158000,수진2동
1502,4157036000,하성면
1503,4145055000,덕풍2동
1504,2720065000,대명10동
1505,2811054000,신흥동
1506,4117157000,안양7동
1507,3017053000,도마2동
1508,4482533000,근흥면
1509,2823759100,청천1동
1510,4423025000,강경읍
1511,4113154000,태평1동
1512,1147053000,목3동
1513,4572025000,진안읍
1514,4117360000,호계3동
1515,1117063000,이촌1동
1516,2626076100,명장1동
1517,4145052000,신장1동
1518,4420060000,온양4동
1519,1138053000,불광2동
1520,4128761000,가좌동
1521,4812561000,교방동
1522,2823756000,부평6동
1523,4480025300,광천읍
1524,4121055000,광명4동
1525,4613051500,동문동
1526,1171055000,마천2동
1527,4313054000,교현2동
1528,1132051500,창5동
1529,1123061000,답십리2동
1530,3014071000,유천2동
1531,3117055000,전하1동
1532,4157057500,마산동
1533,4146552000,풍덕천2동
1534,2723075000,관음동
1535,2823764600,삼산1동
1536,1114062500,다산동
1537,1114067000,황학동
1538,4315054700,영서동
1539,2823758000,산곡2동
1540,2823764200,갈산2동
1541,3611055000,고운동
1542,1147063000,신정2동
1543,2911071000,학운동
1544,2726062000,상동
1545,4111572000,우만2동
1546,4874038000,영산면
1547,4873025300,칠원읍
1548,3017058700,월평2동
1549,4215056000,교2동
1550,4713036000,현곡면
1551,2911059000,산수1동
1552,4511362000,호성동
1553,1135062400,중계4동
1554,4511352500,진북동
1555,2723067200,복현2동
1556,2714067000,방촌동
1557,2726056100,만촌3동
1558,2632053000,금곡동
1559,4611064000,동명동
1560,4148053000,금촌3동
1561,4128753000,일산3동
1562,4141063000,송부동
1563,1168069000,개포4동
1564,2726058000,수성2.3가동
1565,1123060000,답십리1동
1566,4521054000,검산동
1567,2723051000,고성동
1568,4825032000,주촌면
1569,2911062000,지산1동
1570,3017053500,정림동
1571,4518057000,연지동
1572,1114065000,신당5동
1573,4824051000,동서동
1574,4311452000,내덕1동
1575,1156071000,대림2동
1576,4163031000,은현면
1577,2632055000,덕천1동
1578,4131053000,인창동
1579,2914073000,광천동
1580,4219051500,황지동
1581,4121054000,광명3동
1582,4831036000,사등면
1583,4377035000,삼성면
1584,4792025000,봉화읍
1585,4793031000,북면
1586,4215059000,송정동
1587,1135061900,중계본동
1588,4183034000,옥천면
1589,4827025300,하남읍
1590,1153077000,오류1동
1591,3011062000,가양1동
1592,2723067100,복현1동
1593,2817760000,도화1동
1594,4146357200,동백1동
1595,2824560100,효성1동
1596,4711155000,송도동
1597,4182033000,상면
1598,4313032500,수안보면
1599,4611074500,용해동
1600,4613067000,국동
1601,4772025000,군위읍
1602,4521052000,신풍동
1603,2647066000,연산2동
1604,1121576000,중곡3동
1605,2647063000,거제3동
1606,1154564000,독산4동
1607,2820052000,구월2동
1608,2638057200,신평2동
1609,1120054000,마장동
1610,1147055000,목5동
1611,4825034000,한림면
1612,4574025000,장수읍
1613,2632052100,구포3동
1614,4812357000,웅남동
1615,4519055000,금동
1616,1174054000,명일2동
1617,1162065500,신원동
1618,4128166000,화전동
1619,1159054000,상도2동
1620,4122058000,신장2동
1621,4165031000,군내면
1622,2644051000,대저1동
1623,2623057000,양정2동
1624,2638062000,감천1동
1625,3014068000,태평1동
1626,3611033000,부강면
1627,3111063000,병영2동
1628,2915551000,양림동
1629,1111056000,평창동
1630,4213054200,명륜2동
1631,4283034000,현남면
1632,2729061700,유천동
1633,2824562100,작전1동
1634,2914080000,서창동
1635,4831060000,수양동
1636,4117160000,석수2동
1637,3611053000,아름동
1638,3011074000,산내동
1639,4223025000,도계읍
1640,4113359000,상대원3동
1641,1162076500,미성동
1642,4812551000,현동
1643,4477041000,서면
1644,4615051500,향동
1645,3011058500,대동
1646,4223031000,근덕면
1647,4113156000,태평3동
1648,2824571000,계양1동
1649,4161037000,남한산성면
1650,2620064000,청학2동
1651,2823768000,십정1동
1652,1168060000,대치1동
1653,4127157000,부곡동
1654,4311258000,수곡2동
1655,4113164000,고등동
1656,4111569000,화서2동
1657,2726055000,만촌1동
1658,4146554000,죽전1동
1659,4886038000,신안면
1660,4413154000,원성2동
1661,4113559000,서현2동
1662,3114055000,신정5동
1663,4122031000,진위면
1664,4111754000,매탄4동
1665,4719058200,형곡1동
1666,2917067300,매곡동
1667,4213038000,판부면
1668,4113356000,은행2동
1669,1171064600,장지동
1670,1132051200,창2동
1671,2729057200,용산2동
1672,4159033000,마도면
1673,4611052000,용당2동
1674,4129055000,과천동
1675,4113565000,판교동
1676,4313038500,중앙탑면
1677,3014063000,대사동
1678,3171036000,두동면
1679,4715051600,자산동
1680,1174056000,고덕2동
1681,2714057000,신천3동
1682,1129066000,길음1동
1683,4617025000,남평읍
1684,4413331000,입장면
1685,1144055500,아현동
1686,3111053000,반구2동
1687,2817751000,숭의2동
1688,2620054000,영선1동
1689,4159054000,병점2동
1690,2629058000,용호2동
1691,2824573000,계양3동
1692,2632054100,화명1동
1693,3017054000,변동
1694,2914082400,금호2동
1695,4427053000,당진3동
1696,4211054500,약사명동
1697,3117058000,남목1동
1698,4827035000,단장면
1699,4827025000,삼랑진읍
1700,4219053500,삼수동
1701,4215037000,연곡면
1702,1138063100,신사1동
1703,5013058000,서홍동
1704,4415025000,유구읍
1705,4128165600,행신4동
1706,2726059000,수성4가동
1707,3011066500,성남동
1708,3011067000,홍도동
1709,4617055000,성북동
1710,4155051000,안성1동
1711,4311453000,내덕2동
1712,4128756000,주엽2동
1713,2650067000,남천2동
1714,2714051000,신암1동
1715,2823766000,부개2동
1716,2872033000,백령면
1717,4775037000,진보면
1718,1162061500,중앙동
1719,4315051800,의림지동
1720,4682034000,송지면
1721,4146358600,상하동
1722,4575035500,오수면
1723,4211025000,신북읍
1724,4311332000,옥산면
1725,1144063000,신수동
1726,1132051100,창1동
1727,2726052000,범어2동
1728,2614054000,서대신1동
1729,1154562000,독산2동
1730,1132052200,도봉2동
1731,2629059000,용호3동
1732,4721055000,영주1동
1733,1141066000,홍은1동
1734,4143054000,내손1동
1735,4882040000,회화면
1736,4145059000,춘궁동
1737,4514040000,금마면
1738,4128751000,일산1동
1739,1156068000,신길6동
1740,3017055000,용문동
1741,1117070000,보광동
1742,4420038000,인주면
1743,4113157000,수진1동
1744,1159055000,상도3동
1745,2632054200,화명2동
1746,4111157100,정자1동
1747,1144061000,염리동
1748,1129065000,정릉4동
1749,4615056000,조곡동
1750,4111567000,고등동
1751,4146134000,원삼면
1752,4155036000,양성면
1753,4482534000,소원면
1754,2720066000,대명11동
1755,1111055000,부암동
1756,4775025000,청송읍
1757,4421052500,동문1동
1758,3020052700,상대동
1759,4113165000,시흥동
1760,4122060000,원평동
1761,4423036000,연산면
1762,4511359000,금암2동
1763,4146555000,죽전2동
1764,2818579000,동춘2동
1765,4311331000,강내면
1766,1132070000,방학2동
1767,4125058000,소요동
1768,4127355500,백운동
1769,4111752000,매탄2동
1770,4711132000,동해면
1771,2620059000,봉래1동
1772,4213054100,명륜1동
1773,2917055500,중앙동
1774,4281033000,기린면
1775,2726061000,중동
1776,2915571000,효덕동
1777,4136034000,수동면
1778,4580037000,진서면
1779,2623076000,개금3동
1780,4413156000,일봉동
1781,4513064000,흥남동
1782,2817759000,학익2동
1783,4689025600,노화읍
1784,4511169100,평화1동
1785,4223054000,정라동
1786,3171034000,웅촌면
1787,1154571000,시흥5동
1788,1126057000,면목7동
1789,1162066500,서림동
1790,4831034000,거제면
1791,1132051300,창3동
1792,1114068000,중림동
1793,4511360000,팔복동
1794,4159051500,새솔동
1795,3014060500,문창동
1796,3023052500,회덕동
1797,1162063000,남현동
1798,1159056000,상도4동
1799,2914066000,농성2동
1800,1135066500,상계3.4동
1801,4413355000,쌍용3동
1802,1120064500,옥수동
1803,4423052000,부창동
1804,2653060000,덕포1동
1805,2814055500,송현1.2동
1806,2647072000,연산8동
1807,2817771000,문학동
1808,4128755000,주엽1동
1809,4313025000,주덕읍
1810,4165036000,영중면
1811,2915572000,송암동
1812,1132068000,쌍문3동
1813,4613063500,서강동
1814,2714064000,지저동
1815,1138064000,증산동
1816,4822025000,산양읍
1817,3611054000,종촌동
1818,4824052000,선구동
1819,2817752000,숭의1.3동
1820,4719059000,신평1동
1821,4812961000,덕산동
1822,4180025000,연천읍
1823,4139059400,정왕4동
1824,2623070000,당감4동
1825,1153059500,가리봉동
1826,4128558000,장항1동
1827,1153075000,개봉2동
1828,4822053000,명정동
1829,3023058000,목상동
1830,4812751000,회원1동
1831,2717051000,내당1동
1832,4728057000,점촌1동
1833,2818585000,송도4동
1834,4885037000,진교면
1835,4889033000,가야면
1836,4113358000,상대원2동
1837,2723057000,침산3동
1838,4873032000,군북면
1839,2653066100,주례3동
1840,4211061000,후평2동
1841,2914057500,양동
1842,4122066000,고덕동
1843,4613053500,한려동
1844,4311257000,수곡1동
1845,4476031000,규암면
1846,2915563000,월산4동
1847,2723056000,침산2동
1848,2911056000,계림1동
1849,2629054000,대연4동
1850,4150032000,백사면
1851,1132051400,창4동
1852,1121578000,능동
1853,2641055500,금사회동동
1854,2818564000,옥련2동
1855,4519057000,향교동
1856,4773043000,안계면
1857,4519047000,인월면
1858,1159067000,신대방1동
1859,4313060500,달천동
1860,4717066000,송하동
1861,1153079000,수궁동
1862,3611036000,연서면
1863,2917065000,문화동
1864,1132066000,쌍문1동
1865,4211057000,근화동
1866,2647070000,연산6동
1867,4282032000,죽왕면
1868,4113155000,태평2동
1869,4375035000,이월면
1870,2714068500,해안동
1871,2614059000,부민동
1872,4729033000,자인면
1873,4311377000,강서2동
1874,2717059000,비산5동
1875,4521045000,금산면
1876,1147060000,신월5동
1877,2917053000,중흥3동
1878,1129071500,월곡1동
1879,1117051000,후암동
1880,4833032000,원동면
1881,1135061100,하계1동
1882,1135062500,중계2.3동
1883,1147068000,신정7동
1884,4833055000,소주동
1885,3017057500,내동
1886,1153076000,개봉3동
1887,4161057000,광남2동
1888,2917067600,오치1동
1889,4155032000,금광면
1890,4723025000,금호읍
1891,4827054000,가곡동
1892,4127159000,성포동
1893,4117359000,호계2동
1894,2720054000,봉덕2동
1895,2826069000,불로대곡동
1896,4122055000,지산동
1897,4122033000,고덕면
1898,4129053000,별양동
1899,4150033000,호법면
1900,4418054500,대천4동
1901,2623054000,연지동
1902,4684025300,일로읍
1903,4117155000,안양5동
1904,2915567000,백운1동
1905,2817769000,주안8동
1906,1126058000,상봉1동
1907,4812760000,구암1동
1908,4721052500,하망동
1909,3014056000,중촌동
1910,3117060000,남목3동
1911,1129076000,장위1동
1912,1141062000,홍제1동
1913,4111570000,지동
1914,4886025000,산청읍
1915,4482532000,남면
1916,1123072000,휘경1동
1917,1159064000,사당3동
1918,2871031000,선원면
1919,4213039000,신림면
1920,4514025000,함열읍
1921,1171059000,송파2동
1922,4717025000,풍산읍
1923,4613076500,만덕동
1924,4812132000,대산면
1925,3111051000,학성동
1926,1111067000,창신1동
1927,4611064500,삼학동
1928,4415056000,옥룡동
1929,1165058000,반포3동
1930,2629070000,문현3동
1931,1168073000,일원1동
1932,4372031500,속리산면
1933,4518054500,시기동
1934,2617051000,초량1동
1935,1147064000,신정3동
1936,1138056000,구산동
1937,4111759300,망포1동
1938,4713060500,월성동
1939,4136036000,조안면
1940,4139055000,매화동
1941,2614053000,동대신3동
1942,4822066500,미수동
1943,4511170100,삼천1동
1944,2817755000,용현2동
1945,1114058000,장충동
1946,3114063500,수암동
1947,2920067000,평동
1948,2623066000,부암3동
1949,3014064000,부사동
1950,2641059100,부곡4동
1951,3117054000,대송동
1952,1147061100,신월7동
1953,4159040000,양감면
1954,4691025000,지도읍
1955,1111071000,숭인2동
1956,3117059000,남목2동
1957,1159052000,노량진2동
1958,2653061000,덕포2동
1959,4415059000,월송동
1960,2917066600,삼각동
1961,1171052000,풍납2동
1962,3011069500,삼성동
1963,2826059000,가좌2동
1964,4159058800,동탄4동
1965,4728059000,점촌3동
1966,2826053900,청라3동
1967,2824561300,계산3동
1968,4519046000,산내면
1969,4719066000,임오동
1970,1121583000,자양2동
1971,2826061000,가좌4동
1972,2717052500,내당2.3동
1973,1114063500,약수동
1974,4886036000,시천면
1975,4687025600,홍농읍
1976,2629069000,문현2동
1977,4812954000,여좌동
1978,3017059000,가수원동
1979,4380025300,매포읍
1980,4122037000,현덕면
1981,5013055000,효돈동
1982,4611066000,유달동
1983,2823765000,부개1동
1984,2650079000,광안4동
1985,2729062600,상인3동
1986,4827051000,내일동
1987,4713034000,산내면
1988,4215031000,성산면
1989,2623064000,부암1동
1990,2635055400,좌4동
1991,4425051000,금암동
1992,1138059000,응암2동
1993,4272036000,남면
1994,2818579500,동춘3동
1995,4729031000,와촌면
1996,4127358000,선부1동
1997,4167035000,대신면
1998,4183032000,강하면
1999,4831053000,능포동
2000,4418052500,대천2동
2001,4812534000,진전면
2002,4776025000,영양읍
2003,4415033000,계룡면
2004,4713037000,강동면
2005,1129061000,보문동
2006,4615032000,서면
2007,2717069500,원대동
2008,4145058000,감북동
2009,4313037000,앙성면
2010,2641052000,서2동
2011,4211035000,서면
2012,2726065200,지산2동
2013,1171067000,잠실2동
2014,4611055400,연산동
2015,4817025000,문산읍
2016,4117357000,평촌동
2017,3114064000,선암동
2018,4150036000,모가면
2019,4831032000,동부면
2020,3611051000,한솔동
2021,2611054500,보수동
2022,4315025000,봉양읍
2023,4884034000,미조면
2024,1156063000,신길1동
2025,2720051500,이천동
2026,4128151000,주교동
2027,4313064000,목행.용탄동
2028,4111751000,매탄1동
2029,2617065000,범일1동
2030,4415037000,정안면
2031,4159031000,매송면
2032,2915570000,주월2동
2033,2714053000,신암3동
2034,4146152600,삼가동
2035,4145058500,위례동
2036,4376034000,칠성면
2037,2720061000,대명6동
2038,4824057000,향촌동
2039,4376036000,청천면
2040,4128552600,중산2동
2041,4159032000,비봉면
2042,3014062000,석교동
2043,3011054500,신인동
2044,2632057300,만덕3동
2045,1171053100,거여1동
2046,2871036000,내가면
2047,2917061500,동림동
2048,2917065700,문흥2동
2049,4513055000,신풍동
2050,4146353000,상갈동
2051,1123073000,휘경2동
2052,1129063000,정릉2동
2053,1129077000,장위2동
2054,4713038000,천북면
2055,3111055000,복산2동
2056,4113366000,하대원동
2057,1147059000,신월4동
2058,4611079000,옥암동
2059,1156070000,대림1동
2060,4571035000,구이면
2061,4822051000,도천동
2062,2817763000,주안2동
2063,1141052000,천연동
2064,4115056100,장암동
2065,4571036000,고산면
2066,4711332000,청하면
2067,4822031000,용남면
2068,4825051000,동상동
2069,1130553400,삼양동
2070,4812758000,합성1동
2071,1135062100,중계1동
2072,2711064000,남산1동
2073,2726057000,수성1가동
2074,2641066500,청룡노포동
2075,4311231000,남이면
2076,2626052000,복산동
2077,4215035000,옥계면
2078,3014065500,용두동
2079,4887036000,안의면
2080,4128161000,능곡동
2081,4311167000,영운동
2082,4163051000,양주1동
2083,4313056000,지현동
2084,4719061000,비산동
2085,2917052000,중흥2동
2086,2914084000,동천동
2087,2914079000,화정4동
2088,4574033500,장계면
2089,2915564000,월산5동
2090,4812964000,웅동1동
2091,4183031000,강상면
2092,1165062000,방배3동
2093,4113353000,금광1동
2094,2653058000,삼락동
2095,2653065000,주례1동
2096,4511365000,조촌동
2097,1168067000,개포2동
2098,4782025000,화양읍
2099,4275036000,주천면
2100,4812957000,병암동
2101,4885036000,금남면
2102,4213063500,봉산동
2103,3014073000,문화2동
2104,4159062000,동탄8동
2105,1174055000,고덕1동
2106,2726056000,만촌2동
2107,4479033000,정산면
2108,4723032000,신녕면
2109,4420037000,영인면
2110,4691036000,흑산면
2111,2817756000,용현3동
2112,4276035000,용평면
2113,2914078000,화정3동
2114,1156065000,신길3동
2115,2641058000,부곡2동
2116,2671033000,철마면
2117,4276033000,대화면
2118,4825056500,칠산서부동
2119,4711363000,양학동
2120,2714055500,신천1.2동
2121,2629056000,대연6동
2122,2620066000,동삼2동
2123,4122057000,신장1동
2124,1130557500,삼각산동
2125,4715061000,지좌동
2126,4127352500,고잔동
2127,4128557000,마두2동
2128,4571034000,소양면
2129,2823758100,산곡3동
2130,4146357700,동백3동
2131,1154569000,시흥3동
2132,1123057000,전농2동
2133,1174058000,암사2동
2134,4812557000,완월동
2135,4145054000,덕풍1동
2136,3014055000,목동
2137,4513060500,중앙동
2138,4128164000,행신1동
2139,4784038000,초전면
2140,4571038000,운주면
2141,2638054000,괴정4동
2142,4679036000,도곡면
2143,1126069000,신내2동
2144,4281031000,남면
2145,2723063100,산격4동
2146,4721063000,가흥2동
2147,4785036000,약목면
2148,4831037000,연초면
2149,5013056000,영천동
2150,1135058000,월계3동
2151,4792034000,춘양면
2152,4617054000,금남동
2153,4315057700,신백동
2154,1117059000,용문동
2155,2817770000,관교동
2156,4137056000,초평동
2157,4888040000,가조면
2158,4824035000,곤양면
2159,4217054000,부곡동
2160,4681040000,마량면
2161,1120062000,금호4가동
2162,4111759600,망포2동
2163,4159056000,기배동
2164,4143051000,고천동
2165,4519054000,노암동
2166,1150053000,등촌2동
2167,4121057000,광명6동
2168,4825036000,상동면
2169,4377036000,생극면
2170,1129062000,정릉1동
2171,2823767000,일신동
2172,4784031000,선남면
2173,1156058500,도림동
2174,4611053500,연동
2175,3611055600,반곡동
2176,4420040000,도고면
2177,4711333000,송라면
2178,2629068000,문현1동
2179,4673037000,산동면
2180,2814063000,송림6동
2181,1126066000,망우3동
2182,2917066100,두암1동
2183,4273031000,우천면
2184,4711366500,용흥동
2185,4785033000,가산면
2186,1120052000,왕십리2동
2187,4117158000,안양8동
2188,1141055500,북아현동
2189,1162074500,삼성동
2190,4817036000,일반성면
2191,4111565000,매교동
2192,4873035000,칠서면
2193,4884039000,창선면
2194,4613060000,충무동
2195,2823758200,산곡4동
2196,4825037000,대동면
2197,4279033000,상서면
2198,4277035000,임계면
2199,4482535000,원북면
2200,4725054000,계림동
2201,4817072000,이현동
2202,4711371000,환여동
2203,1141069000,남가좌1동
2204,2818586000,송도5동
2205,2629071000,문현4동
2206,2817753000,숭의4동
2207,4711133000,장기면
2208,2911074000,지원2동
2209,4217055000,동호동
2210,4418032000,오천면
2211,3120058000,양정동
2212,1171063100,가락1동
2213,4725025000,함창읍
2214,2917060300,운암3동
2215,4511171100,효자1동
2216,4513066000,경암동
2217,4513039000,옥도면
2218,4688035000,삼계면
2219,4682031000,삼산면
2220,1171051000,풍납1동
2221,4872039000,부림면
2222,4167034500,세종대왕면
2223,4113554000,수내3동
2224,5011062000,봉개동
2225,2635059000,반여3동
2226,4884035000,남면
2227,3023052000,대화동
2228,4121058000,광명7동
2229,3023061000,법2동
2230,1154570000,시흥4동
2231,1171054000,마천1동
2232,4615054000,매곡동
2233,4773038000,봉양면
2234,4825060000,불암동
2235,2720056000,대명1동
2236,4421032000,부석면
2237,2632057100,만덕1동
2238,3017057000,가장동
2239,2714052000,신암2동
2240,4139053100,신현동
2241,2871041000,삼산면
2242,4684036000,해제면
2243,1126054000,면목4동
2244,4874033000,대합면
2245,1126060000,중화1동
2246,4678039000,회천면
2247,2644058000,가덕도동
2248,2647062000,거제2동
2249,4146351700,영덕2동
2250,2915568000,백운2동
2251,4183041000,개군면
2252,1123075000,이문2동
2253,4111757000,영통1동
2254,4141055000,산본2동
2255,4514032000,황등면
2256,4719034000,해평면
2257,4273032000,안흥면
2258,4122032000,서탄면
2259,4812956000,경화동
2260,2911063000,지산2동
2261,2650075000,망미2동
2262,4824033000,용현면
2263,4831033000,남부면
2264,4833053000,강서동
2265,4117158100,안양9동
2266,4480038000,갈산면
2267,2726066100,범물1동
2268,1174051500,강일동
2269,4311134000,남일면
2270,4715056500,양금동
2271,4213052000,원인동
2272,4824059500,남양동
2273,1147057000,신월2동
2274,1171053200,거여2동
2275,2917057000,임동
2276,4117163000,박달2동
2277,4715025000,아포읍
2278,2614052000,동대신2동
2279,4117362000,신촌동
2280,4145058200,감일동
2281,4129051000,중앙동
2282,1162077500,난곡동
2283,4281034000,서화면
2284,4785031000,지천면
2285,2629061000,용당동
2286,4155041000,삼죽면
2287,1117057000,원효로2동
2288,4812558000,자산동
2289,4889043000,삼가면
2290,1147058000,신월3동
2291,2726060100,황금1동
2292,4282031000,현내면
2293,4128157700,삼송2동
2294,4155034000,미양면
2295,4772033000,부계면
2296,4136054000,양정동
2297,4113156100,태평4동
2298,4113159000,단대동
2299,4423039000,양촌면
2300,1111068000,창신2동
2301,4127161000,안산동
2302,4167033000,금사면
2303,1114066500,동화동
2304,4672037000,옥과면
2305,4219052500,황연동
2306,4141061000,대야동
2307,2820058000,만수3동
2308,4413131000,풍세면
2309,2717062000,평리1동
2310,2920051500,송정1동
2311,2729060200,월성2동
2312,4145060000,초이동
2313,4831038000,하청면
2314,2614057000,서대신4동
2315,4113560000,이매1동
2316,4180032000,청산면
2317,4518056500,초산동
2318,4125055000,보산동
2319,4413132000,광덕면
2320,4713031500,문무대왕면
2321,1159065000,사당4동
2322,4113152000,신흥2동
2323,4121060000,철산2동
2324,4719070000,공단동
2325,1150055000,화곡2동
2326,5011068000,이호동
2327,2611053000,대청동
2328,2644053000,강동동
2329,2914074000,유덕동
2330,4812762000,봉암동
2331,3011055100,판암1동
2332,4518025000,신태인읍
2333,4711157000,제철동
2334,4161054000,쌍령동
2335,1126055000,면목5동
2336,4420025000,염치읍
2337,4611075000,이로동
2338,4211052000,교동
2339,4728025300,가은읍
2340,2726063000,파동
2341,3611056000,보람동
2342,4182035000,북면
2343,4514067000,팔봉동
2344,4374032000,황간면
2345,2717058000,비산4동
2346,4311162000,탑대성동
2347,1138063200,신사2동
2348,2917063500,풍향동
2349,2814060500,송림3.5동
2350,2714054100,신암5동
2351,4117351000,비산1동
2352,1162056500,성현동
2353,4521042000,금구면
2354,4613062500,광림동
2355,2711065000,남산2동
2356,4777032000,남정면
2357,4165041000,화현면
2358,4611056500,대성동
2359,4777035000,축산면
2360,2611052000,동광동
2361,4812761000,구암2동
2362,4711156000,청림동
2363,4167038000,산북면
2364,4613081000,주삼동
2365,4122034000,오성면
2366,4677033000,금산면
2367,4143055000,내손2동
2368,4680025300,관산읍
2369,4713035000,서면
2370,2629062000,감만1동
2371,2711067000,남산4동
2372,4886037000,단성면
2373,1132071000,방학3동
2374,2771033000,하빈면
2375,4691025300,압해읍
2376,2626076200,명장2동
2377,4113161000,양지동
2378,2814059000,송림2동
2379,2911060000,산수2동
2380,4167037000,강천면
2381,4615035000,주암면
2382,1135057000,월계2동
2383,4167036000,북내면
2384,4827038000,무안면
2385,1114064500,청구동
2386,4413133000,북면
2387,4141057000,재궁동
2388,4682042000,문내면
2389,4680037000,회진면
2390,4180036000,신서면
2391,4121056000,광명5동
2392,4711135000,호미곶면
2393,4413135000,수신면
2394,1153052000,구로1동
2395,4415039000,사곡면
2396,4283033000,현북면
2397,4283032000,손양면
2398,2641070000,금성동
2399,4817032000,정촌면
2400,4623057000,태인동
2401,3611039000,소정면
2402,4824036000,곤명면
2403,4827036000,상남면
2404,4111159800,조원2동
2405,4418041000,주교면
2406,2641057000,부곡1동
2407,3014069000,태평2동
2408,2714073000,안심2동
2409,4615033000,황전면
2410,4822035000,욕지면
2411,4783034000,다산면
2412,4613032000,율촌면
2413,1150064100,방화3동
2414,4689033000,고금면
2415,4311251000,사직1동
2416,4111370000,입북동
2417,4825035000,생림면
2418,4723055500,남부동
2419,2723061000,산격1동
2420,1165066000,내곡동
2421,4721056000,영주2동
2422,2814052500,화수1.화평동
2423,1165055000,반포본동
2424,4421031000,인지면
2425,4277032000,남면
2426,4217063000,망상동
2427,2711058500,성내3동
2428,4782035000,운문면
2429,3111064000,약사동
2430,4713033000,내남면
2431,2726066200,범물2동
2432,4812564000,합포동
2433,4128165500,행신3동
2434,4611054500,산정동
2435,2823757000,산곡1동
2436,1147061000,신월6동
2437,2871040000,교동면
2438,1138065000,수색동
2439,4711334000,기계면
2440,4427034000,정미면
2441,4315032000,청풍면
2442,4219059500,장성동
2443,4683038000,학산면
2444,4272031000,화촌면
2445,3120059000,염포동
2446,4571032000,상관면
2447,2620055000,영선2동
2448,4511165000,동서학동
2449,4688040000,북하면
2450,4421034000,지곡면
2451,2623078000,범천2동
2452,4613082000,삼일동
2453,4183037000,청운면
2454,4113553000,수내2동
2455,4211062000,효자1동
2456,4671034000,창평면
2457,4715038000,대항면
2458,4882043000,거류면
2459,4423041000,은진면
2460,4824031000,정동면
2461,4117161000,석수3동
2462,2823752000,부평2동
2463,2817764000,주안3동
2464,1156066000,신길4동
2465,4219058500,문곡소도동
2466,3011072500,대청동
2467,4514062000,송학동
2468,4471038000,복수면
2469,4719036000,장천면
2470,4117352000,비산2동
2471,2917068500,석곡동
2472,4682040000,황산면
2473,4376033000,연풍면
2474,1117069000,서빙고동
2475,4311135000,문의면
2476,4315036000,백운면
2477,4313041000,산척면
2478,4723038000,고경면
2479,4824037000,서포면
2480,4117354000,부흥동
2481,4725041000,화서면
2482,2717055000,비산1동
2483,2635055300,좌3동
2484,4671041000,대전면
2485,4139062100,과림동
2486,4213057500,학성동
2487,4128156000,효자동
2488,2717060000,비산6동
2489,4283031000,서면
2490,2614056000,서대신3동
2491,4887031000,마천면
2492,4873033000,법수면
2493,4423040000,가야곡면
2494,4131054200,교문2동
2495,4573034000,안성면
2496,4689032000,신지면
2497,4513056000,삼학동
2498,4684034000,현경면
2499,4827034000,산내면
2500,4623035000,진월면
2501,4723031000,청통면
2502,4211033000,신동면
2503,4782032000,풍각면
2504,4415036000,의당면
2505,4725035000,공성면
2506,4217052000,송정동
2507,4689035000,청산면
2508,4213061000,태장1동
2509,4690033000,의신면
2510,4611069500,죽교동
2511,2911073000,지원1동
2512,4413152000,문성동
2513,2632056100,덕천3동
2514,1162054500,청림동
2515,4167031000,점동면
2516,4617051000,송월동
2517,4423038000,벌곡면
2518,4678038000,득량면
2519,1174059000,암사3동
2520,4481035000,응봉면
2521,4471037000,진산면
2522,4673034000,마산면
2523,4575038000,관촌면
2524,4311132000,미원면
2525,4889036000,초계면
2526,2911057000,계림2동
2527,2914065000,농성1동
2528,4373035000,청산면
2529,4427036000,순성면
2530,4183039500,지평면
2531,2623075000,개금2동
2532,2915554500,사직동
2533,4148036000,파평면
2534,4617060000,이창동
2535,4711131000,대송면
2536,4684035000,망운면
2537,4272039000,내면
2538,4421038000,운산면
2539,4677038000,과역면
2540,4721061000,휴천3동
2541,4827033000,산외면
2542,4717052000,명륜동
2543,2915560500,월산동
2544,4167032000,흥천면
2545,2711069000,대봉2동
2546,4217065000,삼화동
2547,4477031000,마서면
2548,2638052000,괴정2동
2549,4579032000,아산면
2550,4723037000,임고면
2551,1141065500,홍제2동
2552,4280031500,국토정중앙면
2553,4421037000,음암면
2554,4272034000,서석면
2555,2614065000,남부민1동
2556,4272038000,북방면
2557,1135070000,상계8동
2558,4418040000,성주면
2559,1120059000,금호1가동
2560,4721059000,휴천1동
2561,4413134000,성남면
2562,4717063000,안기동
2563,4519051000,동충동
2564,2614061500,아미동
2565,4518031000,북면
2566,5011032000,추자면
2567,4277025900,신동읍
2568,4885041000,옥종면
2569,4373038000,군북면
2570,4782034000,이서면
2571,2871032000,불은면
2572,1111058000,교남동
2573,4888035000,위천면
2574,2826056100,석남3동
2575,4514039000,여산면
2576,4775031500,주왕산면
2577,4611078000,삼향동
2578,4672031000,오곡면
2579,2611059000,영주1동
2580,4691032000,임자면
2581,4165040000,관인면
2582,4476032000,은산면
2583,4784033000,수륜면
2584,4513051500,해신동
2585,1120072000,송정동
2586,4613033000,화양면
2587,4420031000,송악면
2588,4315053700,남현동
2589,2723068000,검단동
2590,1141071000,북가좌1동
2591,4579039000,심원면
2592,1120057000,행당2동
2593,4476036000,홍산면
2594,4615039000,별량면
2595,4725057000,신흥동
2596,4882033000,하이면
2597,4873038000,산인면
2598,4673033000,토지면
2599,4827031000,부북면
2600,4113551000,분당동
2601,3611032000,연동면
2602,4677034000,도화면
2603,4513033000,임피면
2604,1129078000,장위3동
2605,4511166000,서서학동
2606,4579035000,상하면
2607,4129056000,문원동
2608,3017060000,기성동
2609,4150037000,설성면
2610,4129052000,갈현동
2611,4687025300,백수읍
2612,4113561000,이매2동
2613,2872038000,연평면
2614,4613074000,둔덕동
2615,4315038000,송학면
2616,2872031000,북도면
2617,4886034000,금서면
2618,4782036000,금천면
2619,4377032000,원남면
2620,4380031000,대강면
2621,4885040000,청암면
2622,1117058000,효창동
2623,4313040000,동량면
2624,2623068000,당감2동
2625,4128754600,탄현2동
2626,1168072000,일원본동
2627,2641063500,선두구동
2628,4521025000,만경읍
2629,4376041000,불정면
2630,4687036000,염산면
2631,4477040000,비인면
2632,4689025300,금일읍
2633,1156069000,신길7동
2634,4513035000,대야면
2635,4580041000,줄포면
2636,4519031000,주천면
2637,4481038000,고덕면
2638,1135071000,상계9동
2639,4311252000,사직2동
2640,4677040000,동강면
2641,4812755000,회성동
2642,1165057000,반포2동
2643,4715032000,남면
2644,4183038000,양동면
2645,2915573000,대촌동
2646,4729035000,남산면
2647,2638061000,구평동
2648,2871035000,양도면
2649,4690032000,고군면
2650,4784034000,가천면
2651,4617040000,산포면
2652,4313036000,노은면
2653,4128155000,성사2동
2654,4613068500,월호동
2655,2629064500,우암동
2656,4571025600,용진읍
2657,2717063000,평리2동
2658,4874037000,계성면
2659,1130560800,번3동
2660,4623032000,옥룡면
2661,4812752000,회원2동
2662,4615040000,상사면
2663,4775034000,현서면
2664,4423033000,노성면
2665,2871037000,하점면
2666,4213032000,호저면
2667,4117363000,갈산동
2668,4679035000,능주면
2669,4882042000,동해면
2670,4519025000,운봉읍
2671,2629063000,감만2동
2672,4688036000,황룡면
2673,4874034000,이방면
2674,2814061000,송림4동
2675,4180033000,백학면
2676,1147067000,신정6동
2677,4155031000,보개면
2678,1171056600,오륜동
2679,1150060400,가양2동
2680,4725033000,낙동면
2681,2614066000,남부민2동
2682,1153080000,항동
2683,4615060000,저전동
2684,4279031000,간동면
2685,3011055200,판암2동
2686,2711066000,남산3동
2687,4155033000,서운면
2688,4671038000,용면
2689,4873034000,대산면
2690,1130560300,번2동
2691,4313042000,엄정면
2692,2620063000,청학1동
2693,4272035200,영귀미면
2694,2917051000,중흥1동
2695,4514053000,평화동
2696,2723055000,침산1동
2697,4783037000,쌍림면
2698,4682043000,화원면
2699,4690034000,임회면
2700,2814053000,화수2동
2701,4380033000,영춘면
2702,4615025000,승주읍
2703,1132068100,쌍문4동
2704,4117354600,달안동
2705,4374033500,추풍령면
2706,4421040000,고북면
2707,4521058000,교월동
2708,4281035000,상남면
2709,4372033000,마로면
2710,4311131000,낭성면
2711,2629060000,용호4동
2712,4121066000,학온동
2713,4125060000,상패동
2714,4477034000,한산면
2715,4885042000,금성면
2716,4777037000,병곡면
2717,4728036000,마성면
2718,4113563000,야탑2동
2719,4519056000,왕정동
2720,4121052000,광명2동
2721,4373031000,동이면
2722,2644055000,가락동
2723,4311232000,현도면
2724,4476033000,외산면
2725,4113160000,산성동
2726,4884031000,이동면
2727,4812533000,진북면
2728,4213035000,부론면
2729,4415038000,우성면
2730,4579040000,흥덕면
2731,4889045000,대병면
2732,2638063000,감천2동
2733,4315034000,덕산면
2734,4723053500,서부동
2735,4885035000,고전면
2736,4671032000,고서면
2737,4425031000,두마면
2738,4615038000,낙안면
2739,4682041000,산이면
2740,1168074000,일원2동
2741,4721039000,부석면
2742,4571040000,동상면
2743,4689038000,보길면
2744,2915552000,방림1동
2745,4717062000,평화동
2746,4677036000,봉래면
2747,4822037000,사량면
2748,4717033000,서후면
2749,4691040000,안좌면
2750,3611031000,연기면
2751,4313035000,신니면
2752,4481033000,광시면
2753,4513067000,구암동
2754,4884038000,설천면
2755,4575032000,운암면
2756,4577035000,팔덕면
2757,4180031000,군남면
2758,4513037000,성산면
2759,1159065100,사당5동
2760,4623033000,옥곡면
2761,4427035000,면천면
2762,4278025000,철원읍
2763,4682035000,북평면
2764,4715042000,지례면
2765,2915553000,방림2동
2766,4518039000,태인면
2767,4728060000,점촌4동
2768,4723035000,화남면
2769,4790038000,용궁면
2770,4793025300,평해읍
2771,4518042000,칠보면
2772,4117357600,평안동
2773,4817040000,대곡면
2774,4272032000,두촌면
2775,4684037000,운남면
2776,4273037000,서원면
2777,4113557000,정자3동
2778,4518058000,농소동
2779,4885032000,악양면
2780,2641051000,서1동
2781,4689036000,소안면
2782,4183036000,단월면
2783,4121063200,하안2동
2784,4373036000,이원면
2785,4161035000,남종면
2786,1156067000,신길5동
2787,4690031000,군내면
2788,4375033000,문백면
2789,4782033000,각북면
2790,4827055000,교동
2791,4215033000,구정면
2792,4111352000,세류1동
2793,1154568000,시흥2동
2794,4884032000,상주면
2795,4139059600,배곧1동
2796,4728037000,농암면
2797,2617056000,수정1동
2798,4887038000,서상면
2799,1117064000,이촌2동
2800,4415055000,금학동
2801,4374031000,용산면
2802,4793036000,온정면
2803,2814064000,금창동
2804,4886033000,생초면
2805,2617064500,좌천동
2806,4885034000,횡천면
2807,4884036000,서면
2808,2717066000,평리5동
2809,4277037000,여량면
2810,4521035000,백구면
2811,4121062000,철산4동
2812,2617055000,초량6동
2813,4623055000,금호동
2814,4273036000,공근면
2815,4677035000,포두면
2816,4617036000,다시면
2817,4793033000,근남면
2818,4680025600,대덕읍
2819,4623036000,다압면
2820,4691034000,비금면
2821,4691033000,자은면
2822,4415031000,이인면
2823,4715035000,감문면
2824,3611038000,전동면
2825,4783033000,성산면
2826,4125051000,생연1동
2827,4817044000,명석면
2828,4418036000,남포면
2829,4579036000,해리면
2830,4683033000,신북면
2831,4423034000,상월면
2832,2614051000,동대신1동
2833,4278025300,김화읍
2834,4711335000,죽장면
2835,4613034000,남면
2836,4420039000,선장면
2837,4617031000,세지면
2838,4683036000,군서면
2839,4773037000,금성면
2840,4723039000,북안면
2841,4680032000,안양면
2842,4514042000,춘포면
2843,4513040000,옥서면
2844,4421033000,팔봉면
2845,4678037000,조성면
2846,4471032000,제원면
2847,4276032000,방림면
2848,4711331000,신광면
2849,4155042000,고삼면
2850,4686038000,월야면
2851,2647067000,연산3동
2852,4715031000,농소면
2853,4682033000,현산면
2854,4775033000,현동면
2855,1162071500,난향동
2856,2814051000,만석동
2857,4792039000,석포면
2858,4686037000,해보면
2859,4277034000,북평면
2860,4874040000,도천면
2861,4315033000,수산면
2862,4211032000,동산면
2863,4671040000,수북면
2864,3171037000,두서면
2865,1111070000,숭인1동
2866,4817035000,진성면
2867,4887034000,수동면
2868,4790041000,풍양면
2869,4717039000,길안면
2870,4418035000,청라면
2871,4427031000,고대면
2872,4721037000,순흥면
2873,3611055500,소담동
2874,4725032500,사벌국면
2875,3171040000,삼동면
2876,4671037000,금성면
2877,4782037000,매전면
2878,1150060500,가양3동
2879,4784037000,벽진면
2880,4671033500,가사문학면
2881,3023060000,법1동
2882,4613036000,삼산면
2883,4728032000,산양면
2884,4313031000,살미면
2885,4792035000,소천면
2886,4373037000,군서면
2887,4775035000,안덕면
2888,4717042000,도산면
2889,4481034000,대흥면
2890,4423035000,부적면
2891,4889031000,봉산면
2892,4689031000,군외면
2893,4888036000,마리면
2894,4273034000,갑천면
2895,4681038000,병영면
2896,4719032000,옥성면
2897,4827037000,초동면
2898,4725038000,모동면
2899,4671039000,월산면
2900,4315031000,금성면
2901,1111057000,무악동
2902,4715036000,어모면
2903,4719055500,지산동
2904,4315035000,한수면
2905,4688039000,북이면
2906,4415032000,탄천면
2907,4480039000,구항면
2908,4211036000,사북면
2909,4276031000,미탄면
2910,4146557000,상현1동
2911,4573033000,적상면
2912,4121063400,하안4동
2913,4377031000,소이면
2914,1129058000,돈암1동
2915,4682032000,화산면
2916,4380036000,단성면
2917,4824034000,축동면
2918,1129059000,돈암2동
2919,3611058000,다정동
2920,4717035000,일직면
2921,4375032000,초평면
2922,4482531000,고남면
2923,4275032500,김삿갓면
2924,4518059500,상교동
2925,4418034000,청소면
2926,4275038000,무릉도원면
2927,4794032000,북면
2928,4686031000,손불면
2929,4471034000,군북면
2930,4725042000,화북면
2931,4725056000,동성동
2932,4683034000,시종면
2933,4380032000,가곡면
2934,4575039000,강진면
2935,2717066100,평리6동
2936,4481040000,오가면
2937,4623034000,진상면
2938,4518052000,장명동
2939,4415040000,신풍면
2940,4715037000,봉산면
2941,4822033000,도산면
2942,4573031000,무풍면
2943,2620067000,동삼3동
2944,4513031000,옥산면
2945,2872035000,덕적면
2946,4273035000,청일면
2947,4617052000,영강동
2948,4790040000,지보면
2949,4615036000,송광면
2950,4812955000,태백동
2951,4374040000,심천면
2952,4374039000,양산면
2953,4521034000,용지면
2954,4479036000,장평면
2955,4719033000,도개면
2956,4423031000,성동면
2957,4889034000,야로면
2958,4686033000,학교면
2959,4721036000,봉현면
2960,4721051000,상망동
2961,4513038000,나포면
2962,4681036000,성전면
2963,4511163500,완산동
2964,4874036000,대지면
2965,4113163000,신촌동
2966,4376032000,장연면
2967,4889046000,용주면
2968,4784039000,월항면
2969,4374035000,상촌면
2970,4376037000,청안면
2971,4673035000,광의면
2972,4772032000,효령면
2973,4717032000,북후면
2974,4672039000,겸면
2975,4514031000,오산면
2976,4514041000,왕궁면
2977,4817031000,내동면
2978,4689034000,약산면
2979,4311133000,가덕면
2980,4141060000,궁내동
2981,4481039000,신암면
2982,2920065000,임곡동
2983,4482536000,이원면
2984,4423032000,광석면
2985,4141059000,수리동
2986,4617058000,영산동
2987,4513034000,서수면
2988,4691031000,증도면
2989,4719063000,광평동
2990,4481032000,신양면
2991,4514033000,함라면
2992,4579038000,대산면
2993,1135072000,상계10동
2994,4827032000,상동면
2995,4280032000,동면
2996,4792037000,명호면
2997,4817038000,사봉면
2998,4790034000,감천면
2999,4572040000,주천면
3000,4717031000,와룡면
3001,4275035500,한반도면
3002,4372035000,삼승면
3003,4792032000,봉성면
3004,4889039000,청덕면
3005,4213036000,귀래면
3006,2872037000,자월면
3007,2826074000,아라동
3008,4691042000,암태면
3009,4691035000,도초면
3010,4150038000,율면
3011,4681034000,도암면
3012,4688031000,진원면
3013,4518044000,산외면
3014,4219061500,철암동
3015,4577037000,복흥면
3016,4514034000,웅포면
3017,4775032000,부남면
3018,4831035000,둔덕면
3019,2920055000,신흥동
3020,4773044000,다인면
3021,4580034000,계화면
3022,4677032000,도덕면
3023,4313039000,금가면
3024,4723040000,대창면
3025,2635059500,반여4동
3026,4272033000,내촌면
3027,4479032000,대치면
3028,4773041000,단밀면
3029,2811057000,율목동
3030,4113556000,정자2동
3031,4817042000,집현면
3032,4719060000,신평2동
3033,2818576300,연수3동
3034,4277036000,화암면
3035,4480032000,금마면
3036,4513025000,옥구읍
3037,4671031000,봉산면
3038,4784032000,용암면
3039,2814057000,송현3동
3040,3017058800,월평3동
3041,2620058500,신선동
3042,4784035000,금수면
3043,4729037000,남천면
3044,4672033000,석곡면
3045,1174052600,상일2동
3046,1171069000,잠실4동
3047,4882031000,삼산면
3048,4165035000,창수면
3049,4812552000,가포동
3050,4476044000,석성면
3051,4574032000,번암면
3052,2714061500,도평동
3053,4677042000,두원면
3054,4792031000,물야면
3055,4275033000,북면
3056,4672035000,죽곡면
3057,4375034000,백곡면
3058,4480036000,결성면
3059,4772035000,의흥면
3060,4427037000,우강면
3061,4579043000,부안면
3062,2811056000,도원동
3063,4128167000,대덕동
3064,4679039500,백아면
3065,4680034000,장평면
3066,4884037000,고현면
3067,4728033000,호계면
3068,4817033000,금곡면
3069,1135061200,하계2동
3070,4273038000,강림면
3071,4476041000,임천면
3072,2611060000,영주2동
3073,4211034000,남면
3074,1120058000,응봉동
3075,4882034000,상리면
3076,4681031000,군동면
3077,4773031000,단촌면
3078,2871039000,송해면
3079,4579042000,신림면
3080,4275034000,남면
3081,4683039000,미암면
3082,4579033000,무장면
3083,4687033000,불갑면
3084,4721035000,안정면
3085,4521033000,백산면
3086,4141058000,오금동
3087,4790031000,용문면
3088,4311431000,북이면
3089,4513068000,개정동
3090,4572038000,부귀면
3091,4682037000,옥천면
3092,4888034000,북상면
3093,4873031000,함안면
3094,4681033000,대구면
3095,4514037000,낭산면
3096,4372038500,회인면
3097,4574035000,계남면
3098,4215032000,왕산면
3099,2920066000,동곡동
3100,4717037000,남선면
3101,4873036000,칠북면
3102,4617032000,왕곡면
3103,4372039000,내북면
3104,4886040000,신등면
3105,4623031000,봉강면
3106,4725034000,청리면
3107,4690036000,조도면
3108,4275031200,산솔면
3109,4882032000,하일면
3110,3611057000,대평동
3111,4374038000,학산면
3112,4373033000,안내면
3113,4679042000,동면
3114,4418031000,주포면
3115,4793035000,기성면
3116,4882037000,영오면
3117,4785037000,기산면
3118,2920068000,삼도동
3119,3111054000,복산1동
3120,4180034000,미산면
3121,2872034000,대청면
3122,4725039000,모서면
3123,4223036000,신기면
3124,4279032000,하남면
3125,4772031000,소보면
3126,4425033000,신도안면
3127,4725044000,은척면
3128,4728034000,산북면
3129,4376039000,사리면
3130,4479037000,남양면
3131,4822036000,한산면
3132,4372036000,수한면
3133,4423042000,채운면
3134,4783032000,운수면
3135,4681035000,신전면
3136,4715044000,대덕면
3137,4617043000,봉황면
3138,4776035000,석보면
3139,4723034000,화북면
3140,4827039000,청도면
3141,4571039000,화산면
3142,4378531000,도안면
3143,2653059300,모라3동
3144,4471035000,남일면
3145,4721034000,장수면
3146,4725045000,공검면
3147,4671035000,대덕면
3148,4519035000,금지면
3149,4577036000,쌍치면
3150,4575034000,성수면
3151,4793040000,매화면
3152,4690035000,지산면
3153,4580035000,보안면
3154,4514038000,망성면
3155,4574036000,계북면
3156,4623051500,골약동
3157,4872042000,유곡면
3158,4481031000,대술면
3159,4580033000,행안면
3160,4280033000,방산면
3161,4380035000,적성면
3162,2617068000,범일5동
3163,4776031000,입암면
3164,4572037000,마령면
3165,4874032000,성산면
3166,2820058100,만수4동
3167,4686035000,대동면
3168,4129054000,부림동
3169,4784036000,대가면
3170,4280034000,해안면
3171,4513032000,회현면
3172,4579034000,공음면
3173,4580039000,상서면
3174,4688034000,삼서면
3175,4513036000,개정면
3176,4376035000,문광면
3177,4817039000,지수면
3178,4886035000,삼장면
3179,4682036000,북일면
3180,4574031000,산서면
3181,4219060500,구문소동
3182,4772036000,산성면
3183,4519045000,아영면
3184,4672038000,입면
3185,4514036000,용안면
3186,4313043000,소태면
3187,4887037000,서하면
3188,4572035000,백운면
3189,4882041000,마암면
3190,4476043000,세도면
3191,4518043000,산내면
3192,4223032000,하장면
3193,4889041000,대양면
3194,4577040000,구림면
3195,4683032000,금정면
3196,4715045000,증산면
3197,4574034000,천천면
3198,4680031000,용산면
3199,4479031000,운곡면
3200,4477038000,판교면
3201,4681037000,작천면
3202,4476034000,내산면
3203,4677037000,점암면
3204,4889044000,가회면
3205,4874031000,고암면
3206,4480035000,은하면
3207,4580040000,하서면
3208,1111069000,창신3동
3209,4471033000,부리면
3210,4518032000,입암면
3211,4776034000,수비면
3212,4579031000,고수면
3213,4479038000,화성면
3214,4518034000,고부면
3215,4413137000,동면
3216,2826054400,가정3동
3217,4792036000,재산면
3218,4681032000,칠량면
3219,4418038000,주산면
3220,1171072000,잠실7동
3221,4684032000,몽탄면
3222,4679041500,사평면
3223,4479035000,청남면
3224,4888032000,웅양면
3225,4717038000,임하면
3226,4278032000,근남면
3227,4514043000,삼기면
3228,4887032000,휴천면
3229,4211038000,북산면
3230,4719031000,무을면
3231,4671036000,무정면
3232,4689037000,금당면
3233,4783035000,개진면
3234,4872033000,대의면
3235,4673032000,간전면
3236,4691037000,하의면
3237,4683035000,도포면
3238,4677031000,풍양면
3239,4882035000,대가면
3240,4888039000,신원면
3241,2647064000,거제4동
3242,4687031000,대마면
3243,2617059000,수정4동
3244,4794031000,서면
3245,4113355000,은행1동
3246,4688033000,동화면
3247,4471031000,금성면
3248,4572031000,용담면
3249,4688038000,북일면
3250,4617033000,반남면
3251,4427033000,대호지면
3252,4617042000,다도면
3253,4374036000,양강면
3254,4688032000,남면
3255,4872036000,정곡면
3256,4773036000,가음면
3257,4723033000,화산면
3258,4872041500,궁류면
3259,4887035000,지곡면
3260,4777034000,지품면
3261,4872032000,칠곡면
3262,4617034000,공산면
3263,4678035000,복내면
3264,4376031000,감물면
3265,4480034000,장곡면
3266,4783031000,덕곡면
3267,4886039000,생비량면
3268,4717040000,임동면
3269,4725040000,화동면
3270,4223035000,가곡면
3271,3611052500,해밀동
3272,4613035000,화정면
3273,4480033000,홍동면
3274,4617039000,금천면
3275,4477039000,종천면
3276,4773039000,비안면
3277,2920069000,본량동
3278,4729034000,용성면
3279,4678032000,미력면
3280,4121059000,철산1동
3281,4885033000,적량면
3282,4817046000,수곡면
3283,4686034000,엄다면
3284,4885039000,북천면
3285,4580042000,위도면
3286,4575031000,청웅면
3287,4680035000,유치면
3288,4476040000,양화면
3289,4571037000,비봉면
3290,4689039000,생일면
3291,4773032000,점곡면
3292,4679040000,동복면
3293,4521032000,죽산면
3294,4679037000,도암면
3295,2914059000,양3동
3296,4479039000,비봉면
3297,4691038000,신의면
3298,4223034000,미로면
3299,4728031000,영순면
3300,4874035000,유어면
3301,4889032000,묘산면
3302,4572039000,정천면
3303,4874041000,길곡면
3304,4683037000,서호면
3305,4888033000,고제면
3306,4775036000,파천면
3307,4577032000,동계면
3308,4380034000,어상천면
3309,4683031000,덕진면
3310,4521041000,진봉면
3311,2620060500,봉래2동
3312,4678036000,문덕면
3313,4682038000,계곡면
3314,4275025300,상동읍
3315,4372037000,회남면
3316,4372040000,산외면
3317,4721038000,단산면
3318,4715043000,부항면
3319,4725037000,내서면
3320,2871038000,양사면
3321,4617038000,노안면
3322,4476045000,초촌면
3323,4476035000,구룡면
3324,4887040000,병곡면
3325,4679032000,춘양면
3326,4682039000,마산면
3327,4672040000,오산면
3328,4688037000,서삼면
3329,4885038000,양보면
3330,4728035000,동로면
3331,4374034000,매곡면
3332,4617035000,동강면
3333,2614063000,초장동
3334,4715041000,구성면
3335,4372032500,장안면
3336,4886031000,차황면
3337,4687034000,군서면
3338,4521044000,황산면
3339,4373032000,안남면
3340,4790043000,은풍면
3341,4673031000,문척면
3342,4521039000,청하면
3343,4717036000,남후면
3344,4677041000,대서면
3345,4790037000,유천면
3346,4418039000,미산면
3347,4817045000,대평면
3348,4772034000,우보면
3349,4519036000,대강면
3350,4725043000,외서면
3351,4679034000,이양면
3352,4180038000,장남면
3353,4882038000,개천면
3354,4518038000,정우면
3355,4679033000,청풍면
3356,4782031000,각남면
3357,4521038000,공덕면
3358,4793039000,금강송면
3359,4471036000,남이면
3360,4888037000,남상면
3361,4888038000,남하면
3362,4677044000,영남면
3363,4691041000,팔금면
3364,4573035000,부남면
3365,4773033000,옥산면
3366,4872031000,가례면
3367,4790035000,보문면
3368,4679038000,이서면
3369,4874039000,장마면
3370,4519033000,송동면
3371,4579037000,성송면
3372,4888031000,주상면
3373,4772038000,삼국유사면
3374,4889037000,쌍책면
3375,4373034000,청성면
3376,4613083000,묘도동
3377,4680033000,장동면
3378,4873039000,여항면
3379,4518037000,이평면
3380,4521043000,봉남면
3381,4577034000,금과면
3382,4687035000,군남면
3383,4580032000,동진면
3384,4678034000,율어면
3385,4518040000,감곡면
3386,4477032000,화양면
3387,4521036000,부량면
3388,4579041000,성내면
3389,4521040000,성덕면
3390,4677045000,동일면
3391,4518033000,소성면
3392,2617060000,수정5동
3393,4571041000,경천면
3394,4672036000,고달면
3395,4725047000,화남면
3396,4519040000,보절면
3397,4686036000,나산면
3398,4180035000,왕징면
3399,4889035000,율곡면
3400,4691039000,장산면
3401,4481037000,봉산면
3402,4717041000,예안면
3403,4792033000,법전면
3404,4715039000,감천면
3405,4679031000,한천면
3406,4372034000,탄부면
3407,4572034000,상전면
3408,4721033000,문수면
3409,4686032000,신광면
3410,4790039000,개포면
3411,4887039000,백전면
3412,4678040000,웅치면
3413,4572032000,안천면
3414,4889040000,적중면
3415,4680036000,부산면
3416,4888041000,가북면
3417,4476042000,장암면
3418,4882036000,영현면
3419,4519042000,이백면
3420,4572033000,동향면
3421,4575036000,신덕면
3422,4673036000,용방면
3423,2871042000,서도면
3424,4617037000,문평면
3425,4887033000,유림면
3426,4518035000,영원면
3427,4580038000,백산면
3428,4773035000,춘산면
3429,4575040000,덕치면
3430,4777038000,창수면
3431,4783036000,우곡면
3432,4575033000,신평면
3433,4723036000,자양면
3434,4521046000,광활면
3435,4519037000,대산면
3436,4687032000,묘량면
3437,2814058000,송림1동
3438,4717043000,녹전면
3439,4889042000,쌍백면
3440,4872034000,화정면
3441,4715040000,조마면
3442,4721032000,평은면
3443,4514035000,성당면
3444,4872040000,봉수면
3445,4725031000,중동면
3446,4773046000,안평면
3447,4615034000,월등면
3448,4792038000,상운면
3449,4479034000,목면
3450,4872037000,지정면
3451,4715034000,개령면
3452,4477035000,마산면
3453,4773042000,단북면
3454,2826054300,가정2동
3455,4678033000,겸백면
3456,4677039000,남양면
3457,4776033000,일월면
3458,4721031000,이산면
3459,4477033000,기산면
3460,4777033000,달산면
3461,1168066000,개포1동
3462,4519034000,주생면
3463,4575037000,삼계면
3464,4711336000,기북면
3465,4817037000,이반성면
3466,4476037000,옥산면
3467,4773040000,구천면
3468,4872035000,용덕면
3469,4615037000,외서면
3470,4580031000,주산면
3471,4518036000,덕천면
3472,4476038000,남면
3473,4672034000,목사동면
3474,4889038000,덕곡면
3475,4776032000,청기면
3476,4725036000,외남면
3477,4773034000,사곡면
3478,4374037000,용화면
3479,4577033000,풍산면
3480,4519041000,산동면
3481,4577038000,적성면
3482,4790042000,효자면
3483,4519038000,사매면
3484,4477037000,문산면
3485,4882039000,구만면
3486,4687038000,낙월면
3487,4514044000,용동면
3488,4678031000,노동면
3489,4725046000,이안면
3490,4519039000,덕과면
3491,4817043000,미천면
3492,4518041000,옹동면
3493,4672032000,삼기면
3494,4519032000,수지면
3495,4572036000,성수면
3496,4223033000,노곡면
3497,4376040000,소수면
3498,4476039000,충화면
3499,4577031000,인계면
3500,4577039000,유등면
3501,4773045000,신평면
3502,4148038000,군내면
3503,4681039000,옴천면
3504,4773047000,안사면
3505,1174069000,둔촌1동
3506,4148039000,장단면
3507,4886032000,오부면
3508,4180037000,중면
3509,4872038000,낙서면
